RC1-after,,
wcA,DF,1stO Diff
0.73,-0.03,-0.1
0.97,-0.169,-0.139
2.37,-0.11,0.059
5.57,-0.2,-0.09
8.8,-0.16,0.04
13.67368693,-0.166313066,-0.006313066
13.4,-0.165958549,0.000354517
16.52,-0.17,-0.004041451
39.92,0.07,0.24
40.08,0.05,-0.02
40.2,0.01,-0.04
60.9,0.19,0.18
61.05,0.17,-0.02
61.17,0.12,-0.05
86.34,0.36,0.24
86.46,0.32,-0.04
86.61,0.3,-0.02
112.38,0.5,0.2
112.55,0.5,0
112.68,0.45,-0.05
136.72,0.68,0.23
136.94,0.65,-0.03
137.13,0.67,0.02
160.92,0.83,0.16
161.14,0.82,-0.01
161.35,0.83,0.01
185.82,1.03,0.2
186.77,1.01,-0.02
231.13,1.32,0.31
275.59,1.65,0.33
276.76,1.671,0.021
280.2176856,1.697685556,0.026685556
285.83,1.741,0.043314444
286.06,1.7,-0.041
286.26,1.69,-0.01
311.35,1.88,0.19
311.58,1.89,0.01
311.76,1.87,-0.02
317.4705357,1.920535714,0.050535714
317.75,1.92300885,0.002473135
336.62,2.09,0.16699115
336.76,2.05,-0.04
336.9,2.04,-0.01
361.888588,2.258588047,0.218588047
361.92,2.258862823,0.000274777
362.05,2.26,0.001137177
362.2,2.24,-0.02
386.63,2.48,0.24
386.77,2.44,-0.04
386.9,2.4,-0.04
409.98,2.6,0.2
410.13,2.58,-0.02
410.24,2.53,-0.05
434.31,2.76,0.23
434.46,2.75,-0.01
434.6,2.73,-0.02
444.15,2.79,0.06
451.64,2.82,0.03
471.7,2.99,0.17
492.48,3.1,0.11
513.72,3.26,0.16
535.23,3.4,0.14
556.16,3.491,0.091
576.64,3.63,0.139
576.78,3.56,-0.07
576.94,3.58,0.02
600.91,3.741,0.161
601.07,3.72,-0.021
601.19,3.69,-0.03
624.76,3.82,0.13
627.02,3.83,0.01
634.14,3.88,0.05
654.85,3.98,0.1
675.63,4.15,0.17
696.83,4.26,0.11
696.8701001,4.2601001,0.0001001
708.027953,4.287952953,0.027852853
707.98,4.28783325,-0.000119703
708.8901051,4.290105105,0.002271855
708.37,4.28880679,-0.001298315
714.72,4.304658013,0.015851223
715.01,4.305381927,0.000723914
716.86,4.31,0.004618073
741.38,4.45,0.14
763.31,4.59,0.14
784.98,4.71,0.12
789.61,4.83,0.12
795.73,4.81,-0.02
806.77,4.83,0.02
824.91,4.99,0.16
825.07,4.95,-0.04
825.21,4.95,0
843.67,5.15,0.2
862.68,5.33,0.18
865.4824161,5.212416107,-0.117583893
865.54,5.21,-0.002416107
865.56,5.21,0
868.81,5.21,0
883.69,5.31,0.1
894.1698464,5.389846449,0.079846449
894.19,5.39,0.000153551
894.21,5.390132802,0.000132802
916.78,5.54,0.149867198
918.59,5.559781421,0.019781421
918.61,5.56,0.000218579
918.61,5.56,0
936.9999399,5.669939858,0.109939858
937.01,5.67,6.01E-05
937.03,5.67,0
943.63,5.67,0
959.31,5.75,0.08
962.62,5.79,0.04
980.71,5.86,0.07
1001.21,5.97,0.11
1020.99,6.07,0.1
1042.16,6.22,0.15
1061.8,6.31,0.09
1085.45,6.52,0.21
1085.59,6.45,-0.07
1085.73,6.45,2.27E-13
1109.66,6.61,0.16
1109.82,6.57,-0.04
1109.96,6.56,-0.01
1134.548901,6.738900651,0.178900651
1134.6,6.739272433,0.000371782
1134.7,6.74,0.000727567
1134.901752,6.741752464,0.001752464
1134.78,6.740694897,-0.001057568
1152.978773,6.898773275,0.158078378
1152.98,6.898783931,1.07E-05
1153.12,6.9,0.001216069
1153.25,6.86,-0.04
1174.47,7.04,0.18
1174.65,7.02,-0.02
1174.78,7.01,-0.01
1199.63,7.17,0.16
1203.16,7.16,-0.01
1225.01,7.38,0.22
1249.05,7.52,0.14
1249.17,7.47,-0.05
1249.3,7.451,-0.019
1272.52,7.62,0.169
1272.66,7.59,-0.03
1272.8,7.58,-0.01
1290.786864,7.716864407,0.136864407
1291.01,7.718562275,0.001697868
1297.77,7.77,0.051437725
1297.92,7.73,-0.04
1298.05,7.711,-0.019
1313.120594,7.810593699,0.099593699
1313.3,7.811779302,0.001185603
1322.11,7.87,0.058220698
1322.22,7.82,-0.05
1322.36,7.83,0.01
1343.94,7.95,0.12
1344.08,7.92,-0.03
1344.23,7.89,-0.03
1369.16,8.08,0.19
1369.29,8.04,-0.04
1369.42,8.01,-0.03
1393.42,8.18,0.17
1393.55,8.13,-0.05
1393.69,8.1,-0.03
1418.44,8.28,0.18
1418.57,8.24,-0.04
1418.72,8.25,0.01
1419.4,8.254437194,0.004437194
1443.24,8.41,0.155562806
1443.4,8.38,-0.03
1443.51,8.36,-0.02
1467.31,8.56,0.2
1467.45,8.52,-0.04
1467.58,8.5,-0.02
1492.21,8.71,0.21
1492.32,8.64,-0.07
1492.45,8.65,0.01
1517.19,8.84,0.19
1517.32,8.78,-0.06
1517.44,8.76,-0.02
1541.67,8.94,0.18
1541.8,8.93,-0.01
1541.92,8.85,-0.08
1566,9.07,0.22
1566.16,9.04,-0.03
1566.29,9.02,-0.02
1590.4,9.17,0.15
1590.55,9.15,-0.02
1590.69,9.14,-0.01
1615.53,9.31,0.17
1615.67,9.25,-0.06
1615.8,9.24,-0.01
1640.03,9.36,0.12
1640.17,9.35,-0.01
1640.3,9.32,-0.03
1650.74,9.41,0.09
1659.197299,9.467298772,0.057298772
1658.71,9.46399729,-0.003301482
1665.298636,9.508635744,0.044638454
1665.37,9.509119241,0.000483498
1665.5,9.51,0.000880759
1665.62,9.48,-0.03
1689.79,9.7,0.22
1689.95,9.65,-0.05
1690.07,9.63,-0.02
1713.09,9.79,0.16
1713.23,9.76,-0.03
1713.36,9.72,-0.04
1737.17,9.89,0.17
1737.3,9.86,-0.03
1737.43,9.84,-0.02
1762,10.02,0.18
1762.11,9.95,-0.07
1762.23,9.94,-0.01
1786.08,10.15,0.21
1786.21,10.1,-0.05
1786.36,10.05,-0.05
1810.49,10.25,0.2
1810.59,10.15,-0.1
1810.73,10.14,-0.01
1835.7,10.27,0.13
1835.85,10.27,0
1835.97,10.21,-0.06
1847.54,10.35,0.14
1854.41,10.35,2.27E-13
1854.54,10.34,-0.01
1854.68,10.31,-0.03
1879.54,10.42,0.11
1879.69,10.39,-0.03
1879.82,10.39,-2.27E-13
1905.6,10.5,0.11
1905.72,10.48,-0.02
1905.88,10.44,-0.04
1930.91,10.59,0.15
1931.03,10.55,-0.04
1931.16,10.52,-0.03
1955.75,10.64,0.12
1955.88,10.58,-0.06
1956.01,10.55,-0.03
1979.96,10.77,0.22
1980.07,10.69,-0.08
1980.21,10.69,2.27E-13
2004.76,10.87,0.18
2004.89,10.82,-0.05
2005.02,10.82,-2.27E-13
2030.12,10.99,0.17
2030.25,10.9,-0.09
2030.39,10.9,0
2055.17,11.05,0.15
2055.32,11.03,-0.02
2055.45,11.03,-4.55E-13
2081.2,11.17,0.14
2081.33,11.111,-0.059
2081.47,11.08,-0.031
2104.23,11.261,0.181
2104.39,11.23,-0.031
2104.51,11.19,-0.04
2128.76,11.36,0.17
2128.88,11.28,-0.08
2129.03,11.291,0.011
2154.07,11.44,0.149
2154.19,11.35,-0.09
2154.34,11.351,0.001
2176.86,11.52,0.169
2177,11.5,-0.02
2177.13,11.44,-0.06
2201.47,11.61,0.17
2201.6,11.54,-0.07
2201.74,11.51,-0.03
2213.27,11.63,0.12
2219.44,11.63,0
2225.62,11.671,0.041
2225.81,11.62,-0.051
2226.02,11.6,-0.02
2250.4,11.77,0.17
2250.53,11.74,-0.03
2250.68,11.76,0.02
2271.79,11.841,0.081
2271.94,11.87,0.029
2272.07,11.831,-0.039
2297.58,11.98,0.149
2297.69,11.91,-0.07
2297.82,11.891,-0.019
2319.38,12.04,0.149
2319.58,12.01,-0.03
2319.76,11.99,-0.02
2345.04,12.08,0.09
2345.26,12.07,-0.01
2345.45,12.01,-0.06
2370.31,12.18,0.17
2370.52,12.12,-0.06
2370.71,12.08,-0.04
2395.38,12.3,0.22
2412.97,12.34,0.04
2432.46,12.45,0.11
2432.68,12.41,-0.04
2432.87,12.39,-0.02
2456.81,12.53,0.14
2457.03,12.55,0.02
2457.22,12.49,-0.06
2480.79,12.611,0.121
2481,12.58,-0.031
2481.2,12.57,-0.01
2491.27,12.63,0.06
2515.92,12.75,0.12
2516.05,12.71,-0.04
2516.18,12.7,-0.01
2538.15,12.87,0.17
2538.28,12.811,-0.059
2538.43,12.77,-0.041
2563.26,12.96,0.19
2563.42,12.971,0.011
2563.56,12.881,-0.09
2587.67,13.09,0.209
2587.79,13.03,-0.06
2587.94,13.05,0.02
2609.38,13.13,0.08
2609.55,13.09,-0.04
2609.72,13.1,0.01
2633.87,13.2,0.1
2634.05,13.22,0.02
2634.21,13.2,-0.02
2659.23,13.37,0.17
2659.39,13.34,-0.03
2659.55,13.34,4.55E-13
2682.75,13.46,0.12
2682.9,13.47,0.01
2683.04,13.45,-0.02
2704.49,13.56,0.11
2704.71,13.54,-0.02
2704.94,13.54,0
2729.26,13.66,0.12
2729.39,13.62,-0.04
2729.54,13.6,-0.02
2737.53,13.63,0.03
2741.35,13.62,-0.01
2747.67,13.83,0.21
2749.99,13.72,-0.11
2750.15,13.7,-0.02
2750.3,13.69,-0.01
2775.07,13.86,0.17
2775.21,13.87,0.01
2775.35,13.81,-0.06
2800.1,13.95,0.14
2800.24,13.93,-0.02
2800.43,13.94,0.01
2822.59,14.08,0.14
2822.73,14.04,-0.04
2822.89,14.04,0
2830.988197,14.04819656,0.008196555
2832.77,14.05,0.001803445
2833.015455,14.11545455,0.065454545
2833.07,14.13,0.014545455
2833.09,14.130103,0.000102996
2854.43,14.24,0.109897004
2874.799724,14.37972373,0.13972373
2874.84,14.38,0.00027627
2874.86,14.38010467,0.000104666
2897.77,14.5,0.119895334
2897.92,14.46,-0.04
2898.08,14.48,0.02
2923.4,14.68,0.2
2923.55,14.63,-0.05
2923.71,14.62,-0.01
2947.72,14.8,0.18
2947.84,14.73,-0.07
2947.99,14.75,0.02
2968.79,14.9,0.15
2968.93,14.85,-0.05
2969.08,14.8,-0.05
2994.52,14.99,0.19
2994.68,14.96,-0.03
2994.83,14.98,0.02
3016.87,15.1,0.12
3017.01,15.1,4.55E-13
3017.15,15.03,-0.07
3039.52,15.21,0.18
3039.66,15.16,-0.05
3039.82,15.2,0.04
3061.04,15.35100042,0.151000419
3063.71,15.37,0.018999581
3063.85,15.31,-0.06
3064,15.3,-0.01
3087.7,15.45,0.15
3087.85,15.41,-0.04
3088,15.37,-0.04
3112.39,15.54,0.17
3112.54,15.49,-0.05
3112.69,15.47,-0.02
3136.55,15.61,0.14
3136.68,15.54,-0.07
3136.84,15.57,0.03
3161.91,15.72,0.15
3162.07,15.69,-0.03
3162.19,15.64,-0.05
3184.21,15.82,0.18
3184.34,15.78,-0.04
3184.47,15.76,-0.02
3189.61,15.81,0.05
3189.63,15.81007233,7.23E-05
3222.79,15.93,0.119927667
3264.63,16.07,0.14
3264.65,16.07011869,0.000118694
3272.93,16.11925816,0.049139466
3278.11,16.15,0.03074184
3278.25,16.13,-0.02
3278.41,16.13,-4.55E-13
3301.39,16.31,0.18
3301.55,16.26,-0.05
3301.69,16.26,0
3326.25,16.41,0.15
3326.4,16.39,-0.02
3326.54,16.33,-0.06
3346.9,16.44,0.11
3347.05,16.44,0
3347.21,16.43,-0.01
3371.54,16.54,0.11
3371.69,16.56,0.02
3371.83,16.51,-0.05
3396,16.66,0.15
3396.14,16.62,-0.04
3396.29,16.61,-0.01
3421.18,16.75,0.14
3421.31,16.71,-0.04
3421.46,16.69,-0.02
3445.51,16.83,0.14
3445.66,16.81,-0.02
3445.81,16.8,-0.01
3470.7,16.9,0.1
3470.85,16.87,-0.03
3471,16.84,-0.03
3495.51,17,0.16
3495.66,17.01,0.01
3495.8,16.96,-0.05
3520.98,17.13,0.17
3521.12,17.06,-0.07
3521.27,17.05,-0.01
3546.6,17.2,0.15
3546.73,17.19,-0.01
3546.88,17.14,-0.05
3570.37,17.29,0.15
3570.52,17.21,-0.08
3570.69,17.23,0.02
3592.04,17.42,0.19
3592.19,17.39,-0.03
3592.33,17.33,-0.06
3616.17,17.5,0.17
3616.33,17.48,-0.02
3616.51,17.46,-0.02
3641.53,17.57,0.11
3641.68,17.58,0.01
3641.87,17.56,-0.02
3666.49,17.67,0.11
3666.71,17.67,4.55E-13
3666.92,17.66,-0.01
3691.02,17.74,0.08
3691.25,17.79,0.05
3691.44,17.73,-0.06
3692.65,17.77,0.04
3716.48,17.88,0.11
3716.71,17.88,0
3716.92,17.89,0.01
3741.81,17.99,0.1
3742.03,17.99,4.55E-13
3742.22,17.95,-0.04
3766.74,18.06,0.11
3766.95,18.06,0
3767.16,18.06,0
3791.33,18.18,0.12
3791.54,18.14,-0.04
3791.76,18.15,0.01
3814.11,18.28,0.13
3820.64,18.32,0.04
3841.6,18.43,0.11
3841.81,18.4,-0.03
3842.03,18.43,0.03
3861.57,18.51,0.08
3866.84,18.54,0.03
3890.36,18.66,0.12
3890.58,18.66,-4.55E-13
3890.8,18.65,-0.01
3915.39,18.81,0.16
3915.62,18.77,-0.04
3915.82,18.76,-0.01
3940.86,18.9,0.14
3941.1,18.93,0.03
3941.33,18.95,0.02
3966.17,19.11,0.16
3966.42,19.14,0.03
3966.61,19.06,-0.08
3983.62,19.22786184,0.167861842
3990.93,19.3,0.072138158
3991.14,19.25,-0.05
3991.39,19.26,0.01
4011.99,19.39,0.13
4023.93,19.51,0.12
4046.15,19.63,0.12
4060.04,19.55,-0.08
4062.29,19.72,0.17
4062.52,19.75,0.03
4062.78125,19.75125,0.00125
4062.75,19.75110048,-0.000149522
4068.609135,19.77913462,0.028034137
4068.47,19.7784689,-0.000665716
4087.348798,19.86879808,0.090329177
4087.38,19.86894737,0.000149291
4087.6,19.87,0.001052632
4087.82,19.86,-0.01
4112.68,20,0.14
4112.93,20.02,0.02
4113.12,20.02,-4.55E-13
4136.19,20.17,0.15
4136.4,20.16,-0.01
4136.64,20.18,0.02
4161.37,20.32,0.14
4161.61,20.31,-0.01
4161.82,20.32,0.01
4185.44,20.47,0.15
4185.66,20.431,-0.039
4185.87,20.431,0
4210.36,20.58,0.149
4210.58,20.53,-0.05
4210.81,20.52,-0.01
4234.85,20.69,0.17
4235.09,20.71,0.02
4235.31,20.69,-0.02
4259.35,20.84,0.15
4259.58,20.83,-0.01
4259.81,20.831,0.001
4282.03,20.93,0.099
4282.27,20.93,9.09E-13
4282.440869,20.93086905,0.000869052
4282.49,20.93111894,0.000249884
4287.496583,20.95658278,0.02546384
4287.727759,20.95775855,0.001175777
4287.37,20.95593897,-0.001819586
4287.52,20.95670188,0.000762911
4287.948883,20.95888321,0.002181331
4287.95,20.95888889,5.68E-06
4307.598824,21.05882422,0.099935334
4307.63,21.05898279,0.000158562
4307.83,21.06,0.001017214
4308.05,21.05,-0.01
4329.75,21.18,0.13
4329.98,21.2,0.02
4330.19,21.17,-0.03
4354.24,21.36,0.19
4354.48,21.32,-0.04
4354.66,21.34,0.02
4378.98,21.47,0.13
4379.22,21.47,9.09E-13
4379.43,21.46,-0.01
4403.07,21.58,0.12
4403.3,21.571,-0.009
4403.53,21.551,-0.02
4427.94,21.72,0.169
4428.17,21.67,-0.05
4428.41,21.69,0.02
4446.47,21.76,0.07
4456.52,21.96,0.2
4466.5,21.8,-0.16
4477.438293,21.84829268,0.048292683
4477.69,21.84940397,0.001111291
4484.62,21.88,0.030596026
4488.79,21.90795247,0.027952468
4501.03,21.99,0.082047532
4515.292285,22.11228493,0.122284934
4515.49,22.11398014,0.00169521
4523.19,22.18,0.066019856
4544.44,22.27,0.09
4555.57,22.131,-0.139
4570.05,22.37,0.239
4572.65,22.41,0.04
4595.26,22.47,0.06
4616.62,22.61,0.14
4635.37,22.73,0.12
4656.56,22.81,0.08
4676.56,22.92,0.11
4696.23,23.03,0.11
4716.79,23.12,0.09
4736.96,23.21,0.09
4756.86,23.26,0.05
4776.66,23.33,0.07
4795.73,23.38,0.05
4799.65,23.461,0.081
4814.2,23.46,-0.001
4835.44,23.57,0.11
4855.14,23.62,0.05
4858.88,23.66,0.04
4875.36,23.68,0.02
4891.34,23.62,-0.06
4895.28,23.77,0.15
4918.4,23.87,0.1
4941.41,24,0.13
4962.93,24.05,0.05
4984.64,24.17,0.12
5004.63,24.24,0.07
5005.54,24.24,0
5026.48,24.34,0.1
5048.07,24.41,0.07
5069.78,24.48,0.07
5090.48,24.621,0.141
5091.54,24.57,-0.051
5113.92,24.64,0.07
5129.86,24.70917545,0.069175449
5130.05,24.71,0.000824551
5134.22,24.75,0.04
5135.43,24.73,-0.02
5157.81,24.82,0.09
5171.49,24.881,0.061
5176.86,24.9,0.019
5177.7,24.88,-0.02
5200.46,24.99,0.11
5201.38,25,0.01
5222.82,25.08,0.08
5223.78,25.07,-0.01
5238.37,25.13,0.06
5242.98,25.15,0.02
5244.26,25.22,0.07
5264.03,25.25,0.03
5285.12,25.38,0.13
5306.2,25.49,0.11
5320.98,25.5,0.01
5330.47,25.57,0.07
5342.1,25.59999355,0.029993553
5342.67,25.60146357,0.001470019
5345.98,25.61,0.008536428
5363.98,25.68,0.07
5384.92,25.78,0.1
5400.15,25.85,0.07
5420.15,25.87,0.02
5443.76,25.96,0.09
5451.45,25.98,0.02
5457.95,26.02,0.04
5462.4,25.98,-0.04
5484.09,26.1,0.12
5504.77,26.23,0.13
5526.47,26.3,0.07
5548.86,26.4,0.1
5562.69,26.45,0.05
5563.79,26.45,0
5585.42,26.55,0.1
5586.6,26.55,0
5603.87,26.68,0.13
5624.62,26.77,0.09
5645.11,26.87,0.1
5664.98,26.96,0.09
5682.5,27.09,0.13
5700.8,27.13,0.04
5723.29,27.31,0.18
5738.19,27.34,0.03
5759.58,27.45,0.11
5783.33,27.54,0.09
5802.53,27.63,0.09
5803.85,27.63,0
5822.45,27.69,0.06
5832.15,27.75,0.06
5843.52,27.81,0.06
5864.11,27.91,0.1
5885.56,28.01,0.1
5893,28.05811085,0.048110855
5907.21,28.15,0.091889145
5929.31,28.25,0.1
5946.71,28.37,0.12
5952.66,28.42,0.05
5953.33,28.39,-0.03
5963.07,28.46,0.07
5979.82,28.53,0.07
5997.47,28.54,0.01
6015.29,28.64592593,0.105925926
6019.34,28.67,0.024074074
6035.78,28.75,0.08
6035.9,28.74978221,-0.000217786
6041.29,28.74,-0.009782214
6063.73,28.89,0.15
6082.37,28.92,0.03
6085.53,28.99,0.07
6106.64,29.04,0.05
6128.31,29.1,0.06
6143.83,29.14,0.04
6149.63,29.17,0.03
6170.94,29.22,0.05
6191.27,29.3,0.08
6213.72,29.43,0.13
6235.31,29.49,0.06
6256.17,29.55,0.06
6277.58,29.67,0.12
6299.19,29.76,0.09
6320.79,29.82,0.06
6342.34,29.9,0.08
6363.24,29.96,0.06
6385.11,30.03,0.07
6407.46,30.17,0.14
6428.52,30.22,0.05
6449.8,30.31,0.09
6471.54,30.39,0.08
6492.92,30.46,0.07
6514.22,30.59,0.13
6532.94,30.65,0.06
6554.18,30.72,0.07
6576.1,30.85,0.13
6597.38,30.96,0.11
6618.54,31.08,0.12
6638.96,31.16,0.08
6659.17,31.27,0.11
6669.04,31.25168831,-0.018311688
6669.95,31.25,-0.001688312
6690.4,31.38,0.13
6712.21,31.49,0.11
6732.46,31.57,0.08
6752.4,31.68,0.11
6766.39,31.69,0.01
6788,31.82,0.13
6809.26,31.95,0.13
6824.77,31.95,9.09E-13
6846.41,32.08,0.13
6866.6,32.11,0.03
6887.78,32.23,0.12
6909.55,32.29,0.06
6927.93,32.4,0.11
6949.71,32.51,0.11
6974.3,32.58,0.07
6994.91,32.67,0.09
7015.91,32.76,0.09
7037.7,32.87,0.11
7059.62,32.93,0.06
7078.41,32.98,0.05
7099.78,33.11,0.13
7121.27,33.2,0.09
7142.69,33.3,0.1
7164.67,33.43,0.13
7185.8,33.56,0.13
7206.72,33.63,0.07
7228.47,33.76,0.13
7249.83,33.87,0.11
7271.57,33.98,0.11
7292.28,34.07,0.09
7314.81,34.16,0.09
7336.61,34.26,0.1
7358.18,34.33,0.07
7379.45,34.44,0.11
7401,34.51,0.07
7402.13,34.57,0.06
7423.28,34.64,0.07
7443.93,34.81,0.17
7447.37,34.79,-0.02
7467.92,34.87,0.08
7468.92,34.87,0
7490.63,35.01,0.14
7506.52,35.12975506,0.119755064
7511.86,35.17,0.040244936
7525.97,35.24,0.07
7532.34,35.33,0.09
7553.32,35.5,0.17
7567.474864,35.55486381,0.054863813
7567.71,35.55577519,0.000911381
7571.38,35.57,0.014224806
7575.19,35.58,0.01
7599.44,35.71,0.13
7620.46,35.84,0.13
7643.27,35.93,0.09
7662.92,36.06,0.13
7683.84,36.12,0.06
7704.68,36.28,0.16
7729.04,36.3,0.02
7750.15,36.47,0.17
7771.56,36.49,0.02
7793.43,36.59,0.1
7813.9,36.72,0.13
7817.23,36.7311,0.0111
7824.2,36.75433333,0.023233333
7825.29,36.75796667,0.003633333
7829.37,36.77156667,0.0136
7831.16,36.77753333,0.005966667
7834.9,36.79,0.012466667
7856.46,36.88,0.09
7877.81,36.97,0.09
7898.14,37.09,0.12
7922.71,37.2,0.11
7943.58,37.3,0.1
7964.92,37.35,0.05
7986.52,37.51,0.16
8008.24,37.61,0.1
8030.1,37.73,0.12
8051.47,37.84,0.11
8072.15,37.92,0.08
8093.74,38.07,0.15
8115.05,38.15,0.08
8134.8,38.3,0.15
8151.35,38.36,0.06
8172.76,38.52,0.16
8194.08,38.6,0.08
8210.69,38.7,0.1
8228.31,38.81,0.11
8246.87,38.93,0.12
8268.62,39.09,0.16
8289.34,39.17,0.08
8308.71,39.31,0.14
8329.53,39.311,0.001
8347.25,39.46,0.149
8369.19,39.57,0.11
8389.29,39.67,0.1
8410.63,39.76,0.09
8430.8,39.86,0.1
8451.25,40.041,0.181
8471.51,40.18,0.139
8492.91,40.29,0.11
8514.11,40.43,0.14
8536.37,40.54,0.11
8559.22,40.6,0.06
8583.93,40.77,0.17
8607.81,40.9,0.13
8629.57,40.99,0.09
8650.16,41.07,0.08
8669.64,41.171,0.101
8689.98,41.24,0.069
8709.9,41.29,0.05
8730.28,41.401,0.111
8750.83,41.48,0.079
8772.18,41.64,0.16
8791.85,41.74,0.1
8812.56,41.88,0.14
8834.59,42.05,0.17
8855.68,42.16,0.11
8877.12,42.241,0.081
8901.2,42.43,0.189
8922.95,42.53,0.1
8942.36,42.651,0.121
8964.37,42.821,0.17
8985.26,42.99,0.169
9005.86,43.09,0.1
9027.01,43.23,0.14
9050.14,43.31,0.08
9071.33,43.5,0.19
9092.56,43.63,0.13
9113.22,43.78,0.15
9133.49,43.87,0.09
9157.45,44.02,0.15
9180.8,44.13,0.11
9201.87,44.27,0.14
9223.12,44.38,0.11
9241.91,44.55,0.17
9266.79,44.7,0.15
9288.3,44.78,0.08
9309.69,44.981,0.201
9330.46,45.07,0.089
9352.05,45.22963031,0.159630314
9352.1,45.23,0.000369686
9354.57,45.22,-0.01
9374.56,45.38,0.16
9395.45,45.5,0.12
9417.84,45.621,0.121
9438.45,45.68,0.059
9460.6,45.85,0.17
9481.81,45.94,0.09
9505.03,46.1,0.16
9526.28,46.19,0.09
9546.69,46.29,0.1
9548.29,46.331,0.041
9571.23,46.4,0.069
9596.23,46.55,0.15
9617.53,46.69,0.14
9638.55,46.77,0.08
9662.87,46.85,0.08
9683.69,46.93,0.08
9692.17,46.98,0.05
9704.23,46.99,0.01
9715.09,47.07104478,0.081044776
9715.17,47.07164179,0.000597015
9715.27,47.07238806,0.000746269
9720.28,47.10977612,0.03738806
9720.41,47.11074627,0.000970149
9720.52,47.11156716,0.000820896
9720.66,47.11261194,0.001044776
9721.7,47.12037313,0.007761194
9721.94,47.12216418,0.001791045
9722.19,47.12402985,0.001865672
9725.67,47.15,0.025970149
9749.43,47.28,0.13
9770.7,47.43,0.15
9791.53,47.47,0.04
9814.91,47.58,0.11
9836.4,47.71,0.13
9856.95,47.75,0.04
9878.56,47.931,0.181
9881.252566,47.94256556,0.011565557
9899.28,48.02,0.077434443
9918.97,48.14,0.12
9920.91,48.17,0.03
9925.52,48.19795149,0.027951494
9944,48.31,0.112048506
9963.16,48.4,0.09
9979.85,48.49,0.09
9994.8,48.62,0.13
10015.42,48.74,0.12
10031.3414,48.82139774,0.081397739
10027.73,48.80293456,-0.018463179
10034.98,48.84,0.03706544
10038.81,48.89,0.05
10044.75179,48.91178759,0.021787592
10047.3,48.92113148,0.00934389
10057.9,48.96,0.038868518
10077.29,49.01,0.05
10096.06,49.21,0.2
10116.87,49.33,0.12
10130.67,49.43,0.1
10137.2,49.481,0.051
10154.98,49.65,0.169
10177.06,49.8,0.15
10186.61,49.84,0.04
10189.72,49.88,0.04
10196.97,49.921,0.041
10216.8,50.07,0.149
10234.62,50.22,0.15
10255.55,50.331,0.111
10276.16,50.49,0.159
10296.53,50.63,0.14
10316.33,50.75,0.12
10337.39,50.85,0.1
10356.96,50.93,0.08
10377.8,51.12,0.19
10396.07,51.19608977,0.076089773
10397.71,51.20291994,0.006830171
10399.41,51.21,0.007080056
10420.59,51.31,0.1
10439.76,51.44,0.13
10458.28,51.561,0.121
10478.06,51.67,0.109
10497.28,51.72,0.05
10514.22,51.81,0.09
10534.98,51.98,0.17
10555.87,52.14,0.16
10576.44,52.27,0.13
10596.99,52.41,0.14
10617.71,52.53,0.12
10638.31,52.68,0.15
10639.72,52.64,-0.04
10656.59,52.81,0.17
10676.77,52.89,0.08
10698.03,52.99,0.1
10718.59,53.14,0.15
10738.48,53.24,0.1
10759.25,53.36,0.12
10777.33,53.46,0.1
10795.86,53.59,0.13
10816.78,53.65,0.06
10837.63,53.73,0.08
10857.13,53.88,0.15
10873.06,53.98,0.1
10890.76,54.15,0.17
10897.58,54.22,0.07
10906.81,54.27,0.05
10926.78,54.37,0.1
10947.84,54.55,0.18
10967.01,54.66,0.11
10988.91,54.81,0.15
11009.17,54.97,0.16
11029.9,55.11,0.14
11032.59,55.11,1.82E-12
11051.88,55.26,0.15
11072.09,55.36,0.1
11092.89,55.48,0.12
11114.29,55.63,0.15
11135.69,55.8,0.17
11156.38,55.92,0.12
11175.63,56.07,0.15
11196.5,56.26,0.19
11217.65,56.36,0.1
11237.36,56.47,0.11
11256.83,56.6,0.13
11277.29,56.75,0.15
11299.16,56.84,0.09
11320.25,56.94,0.1
11341.81,57.16,0.22
11363.55,57.25,0.09
11385.5,57.37,0.12
11407.88,57.54,0.17
11429.44,57.61,0.07
11450.65,57.74,0.13
11473.22,57.9,0.16
11495.38,58.03,0.13
11516.29,58.17,0.14
11537.92,58.23,0.06
11541.4,58.2871831,0.057183099
11542.18,58.3,0.012816901
11558.86,58.34,0.04
11580.18,58.45,0.11
11602.51,58.62,0.17
11610.45,58.62,0
11633.94,58.75,0.13
11656.2,58.86,0.11
11677.17,59.03,0.17
11698.27,59.15,0.12
11720.44,59.3,0.15
11740.86,59.44,0.14
11759.84,59.5,0.06
11781.4,59.57,0.07
11802.52,59.69,0.12
11813.63,59.77,0.08
11836.24,59.85,0.08
11857.18,60.03,0.18
11879.07,60.12,0.09
11881.26,60.12,1.82E-12
11900.51,60.29,0.17
11922.24,60.46,0.17
11943.57,60.64,0.18
11963.23,60.7,0.06
11984.96,60.83,0.13
11987.49091,60.84090909,0.010909091
11987.64,60.84155172,0.000642633
12005.84,60.92,0.078448276
12027.58351,61.05350818,0.133508177
12027.62,61.05373224,0.000224065
12048.02905,61.17904664,0.125314397
12048.13973,61.17972623,0.000679588
12044.42,61.15688659,-0.022839639
12048.04,61.17911389,0.022227306
12067.21686,61.29686251,0.117748614
12067.21,61.29682037,-4.21E-05
12072.81121,61.3312126,0.034392228
12073.03,61.33255598,0.001343385
12084.44263,61.40263113,0.070075149
12084.14,61.40077294,-0.001858197
12088.9,61.43,0.029227065
12109.9,61.58,0.15
12131.24,61.75,0.17
12152.25,61.78982938,0.039829384
12152.34,61.79,0.000170616
12152.49,61.79113982,0.001139818
12172.08,61.94,0.148860182
12192.74,62.04,0.1
12213.02,62.15,0.11
12234.83,62.27,0.12
12255.11,62.38,0.11
12274.65,62.49,0.11
12295.65,62.52,0.03
12317.14,62.69,0.17
12337.98,62.75,0.06
12359.41,62.82,0.07
12380.59,63,0.18
12400.06,63.06,0.06
12421.08,63.18,0.12
12444.04,63.32,0.14
12467.36,63.48,0.16
12488.94,63.62,0.14
12510.92,63.76,0.14
12531.21,63.87,0.11
12552.22,63.94,0.07
12557.57,63.94,1.82E-12
12561.52,63.96440783,0.024407827
12561.84642,63.96642487,0.002017043
12562.22,63.96873326,0.002308394
12567.28,64,0.031266735
12571.32,64.04,0.04
12574.89,64.09,0.05
12592.01,64.16,0.07
12611,64.26,0.1
12629.48,64.32,0.06
12651.56,64.43,0.11
12673.39,64.59,0.16
12687.21,64.65,0.06
12707.29,64.74,0.09
12712.72,64.77,0.03
12735.08,64.88,0.11
12756.48,65.05,0.17
12778.48,65.23,0.18
12800.6,65.37,0.14
12822.24,65.54,0.17
12844.61,65.64,0.1
12862.54,65.78,0.14
12880.03,65.91453846,0.134538462
12885.94,65.96,0.045461538
12907.24,66.05,0.09
12929.25,66.25,0.2
12951.02,66.39,0.14
12972.69,66.58,0.19
12993.75,66.74,0.16
13015.17,66.87,0.13
13032.42,66.96,0.09
13040.04,66.97,0.01
13060.54,67.13,0.16
13082.33,67.3,0.17
13103.32,67.49,0.19
13124.62,67.58,0.09
13126.8,67.59,0.01
13148.35,67.69,0.1
13169.91,67.83,0.14
13190.07,67.96,0.13
13193.11,67.97,0.01
13213.21,68.1,0.13
13234.25,68.24,0.14
13251.63,68.32,0.08
13273.52,68.5,0.18
13295.88,68.64,0.14
13308.48,68.72312912,0.083129123
13317.1,68.78,0.056870877
13337.99,68.92,0.14
13356.13,69.06,0.14
13360.07,69.08,0.02
13378.6,69.17,0.09
13397.55,69.35,0.18
13398.16,69.33,-0.02
13398.88,69.34,0.01
13419.18,69.43,0.09
13440.83,69.57,0.14
13441.91,69.62,0.05
13442.99,69.52,-0.1
13445.32,69.58,0.06
13466.65,69.72,0.14
13467.96,69.76,0.04
13489.45,69.91,0.15
13508.48,70.06,0.15
13511.35,70.08,0.02
13532.83,70.23,0.15
13555.44,70.38,0.15
13555.71,70.4,0.02
13576.83,70.49,0.09
13597.4,70.66,0.17
13617.81,70.75,0.09
13619.84,70.77,0.02
13640.52,70.93,0.16
13658.29,71.08,0.15
13677.08,71.14,0.06
13699.73,71.32,0.18
13721.13,71.39,0.07
13742.86,71.49,0.1
13766.2,71.68,0.19
13788.4,71.8,0.12
13809.75,71.96,0.16
13831.23,72.1,0.14
13852.24,72.3,0.2
13873.74,72.35,0.05
13894.91,72.44,0.09
13916.62,72.52,0.08
13938.28,72.64,0.12
13960.22,72.77,0.13
13981.47,72.88,0.11
14005.89,73.01,0.13
14027.52,73.15,0.14
14048.69,73.25,0.1
14070.35,73.33,0.08
14092.58,73.43,0.1
14114,73.51,0.08
14134.15,73.6,0.09
14156.39,73.74,0.14
14177.76,73.84,0.1
14200.3,73.94,0.1
14201.65,73.94,1.82E-12
14202.61,73.87,-0.07
14222.55,74,0.13
14244.8,74.15,0.15
14267.09,74.28,0.13
14289.34,74.43,0.15
14312.2,74.56,0.13
14334.97,74.71,0.15
14356.29,74.84,0.13
14378.69,75.01,0.17
14401.12,75.13,0.12
14423.6,75.3,0.17
14444.92,75.37,0.07
14466.5,75.55,0.18
14489.19,75.69,0.14
14510.52,75.84,0.15
14531.87,75.96,0.12
14553.14,76.14,0.18
14573.75,76.28,0.14
14587.38,76.37,0.09
14595.32,76.44,0.07
14612.52,76.55,0.11
14633.5,76.69,0.14
14652.47,76.81,0.12
14671.21,76.91,0.1
14692.82,77.05,0.14
14714.43,77.2,0.15
14731.87,77.25,0.05
14754.87,77.4,0.15
14776.62,77.6,0.2
14790.35,77.66,0.06
14794.18,77.68,0.02
14796.92,77.72,0.04
14817.68,77.86,0.14
14826.25,77.92837766,0.06837766
14836.48,78.01,0.08162234
14857.37,78.13,0.12
14878.46,78.26,0.13
14900.28,78.42,0.16
14918.63,78.57,0.15
14938.91,78.7,0.13
14959.14,78.81,0.11
14961.05,78.8,-0.01
14981.42,78.97,0.17
15003.58,79.15,0.18
15008.41,79.18,0.03
15023.57,79.26,0.08
15045.08,79.44,0.18
15049.99,79.46,0.02
15066.06,79.56,0.1
15086.36,79.74,0.18
15107.92,79.93,0.19
15130.16,80.09,0.16
15151.7,80.19,0.1
15173.19,80.36,0.17
15194.5,80.49,0.13
15212.29,80.61,0.12
15233.78,80.72,0.11
15258.11,80.84,0.12
15278.57,80.98,0.14
15298.8,81.1,0.12
15320.71,81.2,0.1
15342.31,81.37,0.17
15363.64,81.47,0.1
15384.53,81.57,0.1
15406.89,81.66,0.09
15427.87,81.79,0.13
15448.85,81.86,0.07
15470.25,81.99,0.13
15491.16,82.19,0.2
15511.4,82.28,0.09
15532.36,82.45,0.17
15552.45,82.56,0.11
15572.49,82.77,0.21
15593.79,82.9,0.13
15615.52,83.03,0.13
15638.11,83.18,0.15
15660.96,83.35,0.17
15682.35,83.44,0.09
15703.85,83.62,0.18
15724.52,83.7,0.08
15748.02,83.88,0.18
15768.38,84.01,0.13
15789.34,84.16,0.15
15811.15,84.3,0.14
15832.35,84.47,0.17
15853.67,84.54,0.07
15875.4,84.67,0.13
15897.01,84.82,0.15
15918.08,84.93,0.11
15940.07,85.14,0.21
15961.77,85.33,0.19
15982.46,85.46,0.13
15996.66,85.52,0.06
16000.33,85.58,0.06
16002.81,85.52,-0.06
16024.63,85.69,0.17
16046.29,85.86,0.17
16067.66,85.99,0.13
16089.63,86.14,0.15
16110.91,86.36,0.22
16132.13,86.53,0.17
16153.92,86.75,0.22
16172.14,86.87,0.12
16191.63,86.96,0.09
16212.35,87.13,0.17
16230.71,87.22,0.09
16249.67,87.36,0.14
16270.46,87.47,0.11
16292.48,87.63,0.16
16313.72,87.73,0.1
16334.98,87.93,0.2
16355.38,88.04,0.11
16374.69,88.16,0.12
16395.17,88.32,0.16
16415.88,88.43,0.11
16436.86,88.61,0.18
16457.76,88.76,0.15
16479.3,88.89,0.13
16490.01,89.001,0.111
16494.7,88.98,-0.021
16501.55,89.08,0.1
16525.79,89.2,0.12
16550.58,89.42,0.22
16574.02,89.601,0.181
16595.62,89.74,0.139
16617.96,89.9,0.16
16639.95,90.02,0.12
16660.6,90.17,0.15
16680.58,90.31,0.14
16703.33,90.45,0.14
16725.26,90.591,0.141
16746.51,90.72,0.129
16767.25,90.85,0.13
16788.89,91.07,0.22
16810.36,91.18,0.11
16835.11,91.37,0.19
16857.17,91.53,0.16
16867.83,91.571,0.041
16869.39054,91.58053739,0.009537385
16879.12,91.64,0.059462615
16900.13,91.72,0.08
16900.42,91.76,0.04
16917.9,91.85,0.09
16938.51,91.96,0.11
16960.04,92.06,0.1
16979.05,92.19,0.13
16999.9,92.31,0.12
17020.44,92.44,0.13
17039.7,92.58,0.14
17063.07,92.67,0.09
17084.67,92.84,0.17
17105.53,92.94,0.1
17126.65,93.06,0.12
17147.6,93.17,0.11
17168.06,93.26,0.09
17188.91,93.41,0.15
17208.46,93.521,0.111
17229.26,93.62,0.099
17251.07,93.78,0.16
17272.76,93.93,0.15
17293.73,94.041,0.111
17314.09,94.19,0.149
17334.45,94.281,0.091
17355.59,94.421,0.14
17376.53,94.5,0.079
17398.36,94.62,0.12
17418.51,94.76,0.14
17439.82,94.901,0.141
17461.03,95.04,0.139
17470.91,95.061,0.021
17472.27,95.11,0.049
17482.57,95.17,0.06
17503.97,95.31,0.14
17526.47,95.49,0.18
17548.72,95.66,0.17
17569.54,95.8,0.14
17591.33,95.97,0.17
17613.56,96.11,0.14
17635.08,96.25,0.14
17654.3,96.381,0.131
17674.89,96.51,0.129
17694.42,96.64,0.13
17715.42,96.751,0.111
17736.06,96.83,0.079
17756.79,97.031,0.201
17777.64,97.12,0.089
17797.6,97.19,0.07
17810.28,97.3,0.11
17822.36,97.351,0.051
17843.76,97.501,0.15
17857.71,97.56,0.059
17872.84,97.72,0.16
17892.35966,97.82966102,0.109661017
17892.42,97.83,0.000338983
17911.9,97.88,0.05
17911.92,97.8801306,0.000130597
17933.34,98.02,0.139869403
17941.92,98.08,0.06
17951.33,98.1,0.02
17963.74,98.2,0.1
17972.64,98.26,0.06
17983.72,98.301,0.041
17994.83919,98.44918956,0.148189557
17994.9,98.45,0.000810443
18013.64,98.541,0.091
18013.66,98.54109433,9.43E-05
18028.27,98.61,0.068905673
18033.52,98.64,0.03
18054.26,98.77,0.13
18071.81,98.891,0.121
18112.91,99.08,0.189
18157.32,99.27,0.19
18201.73,99.51,0.24
18241.59,99.77,0.26
18245.98,99.78,0.01
18254.6,99.83,0.05
18267.16,99.88,0.05
18288.84,100.02,0.14
18306.44945,100.1794517,0.159451742
18306.51,100.18,0.000548258
18325.09,100.26,0.08
18325.11,100.2601594,0.000159363
18327.6,100.28,0.019840637
18347.76,100.341,0.061
18363.01743,100.4374336,0.096433559
18363.52,100.44061,0.003176437
18368.17,100.47,0.029390005
18379.77,100.57,0.1
18392.71,100.63,0.06
18413.58,100.8,0.17
18430.91,100.87,0.07
18446.35,100.95,0.08
18447.16,100.83,-0.12
18451.03,100.99,0.16
18453.03,100.98,-0.01
18463.59,101.07,0.09
18481.46,101.26,0.19
18499.23,101.33,0.07
18515.7,101.38,0.05
18533.47,101.47,0.09
18551.46,101.58,0.11
18576.34,101.72,0.14
18597.43,101.77,0.05
18614.78,101.89,0.12
18631.61,102.011,0.121
18644.93,102.07,0.059
18662.79,102.121,0.051
18675.66,102.2,0.079
18689.34,102.241,0.041
18709,102.331,0.09
18719.93,102.45,0.119
18734.41,102.561,0.111
18746.01,102.65,0.089
18766.89,102.721,0.071
18788.04,102.83,0.109
18809.3,102.91,0.08
18826.57,102.971,0.061
18844.51,103.08,0.109
18861.13,103.25,0.17
18876.32,103.311,0.061
18897.53,103.47,0.159
18914.37,103.58,0.11
18926.25,103.6,0.02
18944.3,103.71,0.11
18963.32,103.881,0.171
18973.87,103.98,0.099
18995.09,104.07,0.09
19015.23,104.21,0.14
19037.05,104.32,0.11
19057.44,104.42,0.1
19078.6,104.61,0.19
19100.81,104.78,0.17
19121.99,104.84,0.06
19143.12,105,0.16
19165.31,105.16,0.16
19185.54,105.29,0.13
19206.75,105.43,0.14
19231.37,105.611,0.181
19238.05,105.65,0.039
19280.3,105.92,0.27
19322.37,106.09,0.17
19364.79,106.29,0.2
19367.42,106.31,0.02
19388.82,106.49,0.18
19412.07,106.71,0.22
19433.68,106.82,0.11
19452.79,106.95,0.13
19474.85,107.11,0.16
19499.57,107.311,0.201
19520.26,107.43,0.119
19538.49,107.571,0.141
19559.74,107.71,0.139
19581.61,107.851,0.141
19602.76,107.97,0.119
19616.12568,108.0756795,0.10567953
19626.79,108.16,0.08432047
19648.28,108.26,0.1
19669.87,108.38,0.12
19691.49,108.481,0.101
19714.6,108.591,0.11
19735.5,108.7,0.109
19757.12,108.84,0.14
19778.79,109,0.16
19800.19,109.15,0.15
19813.26,109.251,0.101
19818.52,109.24,-0.011
19840.25,109.37,0.13
19846.09,109.45,0.08
19849.09,109.43,-0.02
19862.15,109.56,0.13
19885.34,109.68,0.12
19906.31,109.801,0.121
19927,109.94,0.139
19948.47,110.06,0.12
19970.43,110.2,0.14
19991.81,110.36,0.16
20013.27,110.44,0.08
20034.62,110.55,0.11
20054.28,110.66,0.11
20078.92,110.81,0.15
20100.09,110.97,0.16
20113.8,111.09,0.12
20137.84,111.32,0.23
20153.26,111.38,0.06
20155.29,111.351,-0.029
20156.18,111.37,0.019
20173.77,111.421,0.051
20178.71,111.48,0.059
20202.31,111.621,0.141
20223.49,111.77,0.149
20244.37,111.87,0.1
20265.16,112.061,0.191
20286.57,112.17,0.109
20308.01,112.28,0.11
20327.8,112.4,0.12
20336.17,112.47,0.07
20349.82,112.49,0.02
20371.19,112.58,0.09
20394.43,112.85,0.27
20401.15,112.81,-0.04
20425.6,112.931,0.121
20430.42,112.96,0.029
20447.32,113.07,0.11
20460.36,113.16,0.09
20484.26,113.29,0.13
20489.96,113.35,0.06
20509.25,113.491,0.141
20513.59,113.5,0.009
20519.7,113.54,0.04
20538.08,113.61,0.07
20549.92,113.7,0.09
20565.88,113.79,0.09
20579.88,113.88,0.09
20581.02,113.91,0.03
20603.49,114.071,0.161
20609.96,114.06,-0.011
20631.76,114.2,0.14
20639.97,114.24,0.04
20651.88,114.33,0.09
20670.09,114.47,0.14
20673.14,114.5,0.03
20696.75,114.61,0.11
20697.23,114.62,0.01
20700.28,114.67,0.05
20717.76,114.72,0.05
20734.67,114.85,0.13
20740.11,114.91,0.06
20764.17,114.99,0.08
20773.36,115.02,0.03
20774.87,115.05,0.03
20793.46,115.19,0.14
20804.24,115.231,0.041
20809.23,115.23,-0.001
20819.68,115.331,0.101
20837.6,115.411,0.08
20875.07,115.54,0.129
20915.13,115.74,0.2
20955.25,115.95,0.21
20995.31,116.16,0.21
21035.36,116.38,0.22
21075.4,116.58,0.2
21099.73,116.69,0.11
21106.06,116.74,0.05
21116.28,116.81,0.07
21118.44,116.81,0
21134.03,116.87,0.06
21143.24,116.93,0.06
21146.76,116.96,0.03
21151.66,117.01,0.05
21159.21,117.05,0.04
21177.34,117.19,0.14
21189.37,117.2,0.01
21195.68,117.26,0.06
21199.3,117.26,0
21199.03,117.26,0
21219.11,117.26,0
21225.97,117.32,0.06
21249.11,117.42,0.1
21262.68,117.54,0.12
21279.63,117.52,-0.02
21291.68,117.61,0.09
21309.63,117.65,0.04
21327.44,117.69,0.04
21339.58,117.76,0.07
21342.5,117.78,0.02
21363.52,117.9,0.12
21369.64,117.95,0.05
21378.96,117.95,0
21399.44,118.07,0.12
21411.53,118.16,0.09
21429.59,118.22,0.06
21447.29,118.31,0.09
21459.5,118.35,0.04
21471.27,118.38,0.03
21489.12,118.45,0.07
21510.73,118.6,0.15
21530.75,118.66,0.06
21553.07,118.75,0.09
21553.38,118.78,0.03
21574.17,118.83,0.05
21593.81,118.8593426,0.029342629
21594.25,118.86,0.000657371
21594.81,118.8647458,0.004745763
21615.49,119.04,0.175254237
21631.58,119.13,0.09
21635.14,119.1,-0.03
21637.56,119.15,0.05
21659.19,119.2,0.05
21676.89,119.32,0.12
21696.62,119.44,0.12
21713.38,119.5995391,0.159539078
21714.8,119.6130561,0.013517034
21716.58,119.63,0.016943888
21735.78,119.69,0.06
21744.28,119.76,0.07
21752.69,119.72,-0.04
21771.92,119.86,0.14
21793.53,120.03,0.17
21811.27,120.16,0.13
21828.57,120.25,0.09
21836.9,120.28,0.03
21855.61,120.38,0.1
21875.71,120.58,0.2
21897.05,120.69,0.11
21908.8,120.71,0.02
21910.38,120.781,0.071
21918.09,120.79,0.009
21940.46,120.91,0.12
21961.85,121.01,0.1
21971.93,121.04,0.03
21979.63,121.12,0.08
21999.88,121.28,0.16
22021.89,121.45,0.17
22046.51,121.56,0.11
22052.86,121.6,0.04
22065.68,121.63,0.03
22066.28,121.6348122,0.004812157
22067.33,121.6432334,0.008421275
22089.37,121.82,0.176766568
22091.26,121.81,-0.01
22106.25,121.98,0.17
22130.46,122.13,0.15
22133.4,122.11,-0.02
22151.61,122.28,0.17
22173.32,122.35,0.07
22195.9,122.51,0.16
22217.62,122.64,0.13
22219.67,122.61,-0.03
22237.9,122.79,0.18
22244.47,122.97,0.18
22258.91,122.92,-0.05
22278.39,123.09,0.17
22299.53,123.15,0.06
22303.47,123.27,0.12
22319.25,123.31,0.04
22340.29,123.46,0.15
22347.72,123.47,0.01
22358.29,123.55,0.08
22377.79,123.68,0.13
22396.44,123.801,0.121
22417.62,123.91,0.109
22420.74,123.92,0.01
22435.34,123.97,0.05
22443.19,124.12,0.15
22480.41,124.15,0.03
22520.75,124.25,0.1
22522.32,124.35,0.1
22543.7,124.45,0.1
22565.87,124.54,0.09
22587.85,124.61,0.07
22602.22,124.68,0.07
22646.65,124.9,0.22
22691.05,125.1,0.2
22733.41,125.33,0.23
22777.83,125.54,0.21
22822.15,125.69,0.15
22866.56,125.86,0.17
22910.99,126.04,0.18
22955.43,126.23,0.19
22996.83,126.39,0.16
23016.91,126.43,0.04
23017.02,126.41,-0.02
23017.16,126.44,0.03
23041.45,126.55,0.11
23041.59,126.54,-0.01
23041.72,126.53,-0.01
23061.34,126.66,0.13
23061.54,126.63,-0.03
23061.78,126.67,0.04
23079.57,126.771,0.101
23079.67,126.76,-0.011
23079.81,126.76,3.64E-12
23100.98,126.88,0.12
23101.1,126.88,-3.64E-12
23101.22,126.87,-0.01
23112.46,126.98,0.11
23112.48,126.98008,8.00E-05
23124.96,127.03,0.04992
23124.98,127.030128,0.000127953
23145.28,127.16,0.129872047
23145.39,127.1,-0.06
23145.57,127.14,0.04
23166.88,127.26,0.12
23167.01,127.26,-3.64E-12
23167.13,127.27,0.01
23185.91,127.4,0.13
23187.47,127.43,0.03
23187.6,127.41,-0.02
23187.71,127.4,-0.01
23209.72,127.54,0.14
23209.96,127.53,-0.01
23210.29,127.54,0.01
23213.14,127.56,0.02
23215.08,127.59,0.03
23231.06,127.68,0.09
23231.17,127.67,-0.01
23231.31,127.68,0.01
23253.93,127.83,0.15
23254.04,127.81,-0.02
23254.17,127.8,-0.01
23275.28,127.88,0.08
23275.62,127.9,0.02
23275.87,127.91,0.01
23285.64,127.96,0.05
23285.76,127.94,-0.02
23285.93,127.91,-0.03
23298.08,127.97,0.06
23298.25,127.99,0.02
23298.39,128,0.01
23320.14,128.13,0.13
23320.26,128.13,-3.64E-12
23320.36,128.11,-0.02
23330.38,128.1767369,0.066736892
23331.76,128.1859282,0.009191308
23341.53,128.251,0.0650718
23341.66,128.23,-0.021
23341.76,128.21,-0.02
23358.05,128.2975083,0.087508264
23359.58,128.3057273,0.008219008
23365.96,128.34,0.034272727
23366.09,128.35,0.01
23366.23,128.34,-0.01
23387.42,128.48,0.14
23387.55,128.47,-0.01
23387.68,128.47,3.64E-12
23388.87,128.49,0.02
23391.54,128.49,3.64E-12
23405.3,128.6,0.11
23405.51,128.63,0.03
23405.65,128.58,-0.05
23425.36,128.67,0.09
23425.49,128.64,-0.03
23425.63,128.671,0.031
23447.22,128.77,0.099
23447.34,128.76,-0.01
23447.48,128.77,0.01
23467.53,128.9,0.13
23467.54,128.8992308,-0.000769231
23467.66,128.89,-0.009230769
23467.75,128.87,-0.02
23467.76,128.8700673,6.73E-05
23487.08,129,0.129932747
23487.24,129,0
23487.34,129,0
23506.89,129.15,0.15
23507.01,129.091,-0.059
23507.12,129.11,0.019
23528.45,129.25,0.14
23528.57,129.24,-0.01
23528.72,129.21,-0.03
23549.89,129.34,0.13
23550.02,129.3,-0.04
23550.12,129.27,-0.03
23569.15,129.4,0.13
23569.29,129.38,-0.02
23569.38,129.4,0.02
23591.8,129.53,0.13
23591.94,129.5,-0.03
23592.07,129.52,0.02
23612.64,129.63,0.11
23612.76,129.6,-0.03
23612.89,129.6,0
23634.11,129.69,0.09
23634.24,129.68,-0.01
23634.37,129.69,0.01
23656.24,129.81,0.12
23656.35,129.8,-0.01
23656.48,129.79,-0.01
23678.07,129.92,0.13
23678.21,129.92,0
23678.35,129.92,0
23698.72,130,0.08
23698.84,130.02,0.02
23698.98,130.01,-0.01
23721.35,130.09,0.08
23721.49,130.08,-0.01
23721.62,130.07,-0.01
23743.83,130.22,0.15
23743.96,130.21,-0.01
23744.08,130.19,-0.02
23764.65,130.33,0.14
23764.78,130.33,-3.64E-12
23764.91,130.33,0
23783.4,130.4,0.07
23783.49,130.34,-0.06
23783.62,130.38,0.04
23804.47,130.49,0.11
23804.59,130.44,-0.05
23804.73,130.49,0.05
23827.38,130.581,0.091
23827.5,130.55,-0.031
23827.65,130.58,0.03
23849.45,130.69,0.11
23849.57,130.71,0.02
23849.72,130.68,-0.03
23869.31,130.79,0.11
23869.44,130.801,0.011
23869.54,130.78,-0.021
23891.08,130.89,0.11
23891.23,130.9,0.01
23891.35,130.89,-0.01
23909.91,131.02,0.13
23910.02,131.04,0.02
23910.13,130.99,-0.05
23931.66,131.16,0.17
23931.8,131.161,0.001
23931.93,131.15,-0.011
23952.60881,131.2788091,0.128809065
23952.74,131.29,0.011190935
23952.86038,131.2803761,-0.009623915
23973.56,131.4093693,0.128993241
23973.53919,131.4091851,-0.000184177
23973.67,131.41,0.000814851
23973.81,131.41,0
23993.87,131.51,0.1
23994.08,131.57,0.06
23994.30122,131.5712175,0.001217488
23994.26,131.5709906,-0.000226844
24002.65,131.6171657,0.046175014
24002.98903,131.6190315,0.001865886
24003.3,131.620743,0.001711439
24012.25,131.67,0.049257017
24036.81,131.71,0.04
24061.17,131.82,0.11
24080.11,131.88,0.06
24080.34,131.89,0.01
24080.57,131.87,-0.02
24088.1,131.95,0.08
24121.99,132.03,0.08
24164.56,132.17,0.14
24186.41,132.24,0.07
24186.56,132.27,0.03
24186.69,132.27,0
24207.7,132.37,0.1
24207.83,132.38,0.01
24208.01,132.42,0.04
24230.27,132.43,0.01
24230.42,132.47,0.04
24230.56,132.47,3.64E-12
24251.53,132.6,0.13
24251.65,132.59,-0.01
24251.79,132.62,0.03
24273.94,132.74,0.12
24274.08,132.75,0.01
24274.22,132.76,0.01
24295.56,132.85,0.09
24295.7,132.85,0
24295.82,132.9,0.05
24317.91,132.98,0.08
24318.15,133.02,0.04
24318.39,133.01,-0.01
24324.36,133.06,0.05
24333.71,133.1,0.04
24333.83,133.1,3.64E-12
24333.96,133.12,0.02
24356.48,133.26,0.14
24356.62,133.24,-0.02
24356.76,133.29,0.05
24375.91,133.35,0.06
24376.05,133.33,-0.02
24376.21,133.38,0.05
24377.56,133.41,0.03
24399.94,133.49,0.08
24400.07,133.46,-0.03
24400.22,133.52,0.06
24418.85,133.68,0.16
24421.01,133.6,-0.08
24442.12,133.73,0.13
24442.27,133.78,0.05
24442.45,133.8,0.02
24462.44,133.86,0.06
24462.59,133.88,0.02
24462.77,133.91,0.03
24481.3,133.97,0.06
24481.44,133.99,0.02
24481.61,134.04,0.05
24503.72,134.121,0.081
24503.88,134.13,0.009
24504.04,134.17,0.04
24525.78,134.2428308,0.072830821
24527.35,134.2480905,0.005259631
24527.92,134.25,0.001909548
24528.1,134.28,0.03
24528.25,134.31,0.03
24550.46,134.39,0.08
24550.61,134.41,0.02
24550.75,134.44,0.03
24570.74,134.5,0.06
24570.92,134.57,0.07
24571.08,134.59,0.02
24591.66,134.65,0.06
24591.86,134.65,0
24592.06,134.66,0.01
24599.14,134.7,0.04
24610.26,134.73,0.03
24631.75,134.82,0.09
24631.9,134.87,0.05
24632.07,134.88,0.01
24653.6,134.961,0.081
24653.76,134.95,-0.011
24653.93,135.01,0.06
24675.88,135.12,0.11
24676.27,135.05,-0.07
24676.49,135.11,0.06
24697.24,135.22,0.11
24697.38,135.23,0.01
24697.63,135.25,0.02
24717.78,135.34,0.09
24718.62,135.31,-0.03
24719.61,135.34,0.03
24740.73,135.4,0.06
24740.87,135.42,0.02
24741.02,135.44,0.02
24762.72,135.59,0.15
24762.83,135.551,-0.039
24763,135.59,0.039
24784.67,135.67,0.08
24784.79,135.63,-0.04
24784.95,135.72,0.09
24804.9,135.8,0.08
24805.08,135.79,-0.01
24805.26,135.78,-0.01
24825.8,135.86,0.08
24825.97,135.86,0
24826.14,135.92,0.06
24847.21,135.96,0.04
24847.34,135.98,0.02
24847.48,136.01,0.03
24860.23,136.01,0
24860.25,136.0100715,7.15E-05
24905.01,136.17,0.15992854
24919.8,136.28,0.11
24919.82,136.28,0
24925.3,136.28,0
24925.63,136.28,0
24928.78,136.28,0
24933.85679,136.296792,0.016792035
24933.34,136.2950827,-0.001709345
24935.5,136.3022271,0.007144432
24937.85,136.31,0.007772878
24938.12,136.32,0.01
24938.66,136.34,0.02
24939.17,136.3270886,-0.012911392
24939.45,136.32,-0.007088608
24941.74,136.3066602,-0.013339806
24944.6,136.29,-0.016660194
24947.56,136.38,0.09
24952.01,136.58,0.2
24955.56,136.441,-0.139
24956.13,136.47,0.029
24956.71,136.52,0.05
24971.35,136.47,-0.05
24980.21,136.5,0.03
24980.86,136.5,0
24980.88,136.5000375,3.75E-05
24996.86,136.53,0.0299625
25041.91,136.75,0.22
25086.78,136.93,0.18
25130.98,137.11,0.18
25175.75,137.29,0.18
25179.75,137.27,-0.02
25179.99,137.28,0.01
25180.22,137.31,0.03
25201.64,137.38,0.07
25201.8,137.42,0.04
25201.96,137.46,0.04
25223.64,137.53,0.07
25223.78,137.54,0.01
25223.94,137.58,0.04
25245.12,137.62,0.04
25245.28,137.62,0
25245.43,137.65,0.03
25266.11,137.71,0.06
25266.24,137.7,-0.01
25266.42,137.75,0.05
25288.3,137.81,0.06
25288.46,137.84,0.03
25288.61,137.85,0.01
25309.11,137.92,0.07
25309.26,137.95,0.03
25309.41,137.971,0.021
25330.7,138.03,0.059
25339.08,138.06,0.03
25352.44,138.11,0.05
25377.33,138.23,0.12
25377.48,138.24,0.01
25377.65,138.3,0.06
25402.34,138.421,0.121
25421.99,138.48,0.059
25422.15,138.53,0.05
25422.32,138.54,0.01
25445.2,138.6,0.06
25445.35,138.59,-0.01
25445.53,138.64,0.05
25455.86,138.68,0.04
25465.93,138.69,0.01
25468.38,138.72,0.03
25468.59,138.72,0
25468.76,138.73,0.01
25491.22,138.78,0.05
25491.39,138.83,0.05
25491.57,138.85,0.02
25514.55,138.91,0.06
25514.7,138.93,0.02
25514.89,138.95,0.02
25537.03,139.01,0.06
25537.17,138.99,-0.02
25537.37,139.06,0.07
25559.82,139.13,0.07
25559.96,139.12,-0.01
25560.14,139.16,0.04
25583.23,139.23,0.07
25583.39,139.24,0.01
25583.58,139.29,0.05
25602.48,139.3,0.01
25602.62,139.29,-0.01
25602.81,139.35,0.06
25625.59,139.4,0.05
25625.76,139.4,-3.64E-12
25625.94,139.47,0.07
25640.4,139.47,0
25640.44,139.47,0
25660.34,139.5844994,0.114499425
25664.62,139.6091254,0.024626007
25683.89,139.72,0.110874568
25683.91,139.7201333,0.000133333
25695.59,139.798,0.077866667
25704.89,139.86,0.062
25705.07,139.84,-0.02
25705.31,139.86,0.02
25727.5,139.91,0.05
25727.68,139.96,0.05
25727.85,139.97,0.01
25731.6,139.9817502,0.011750224
25750.19,140.04,0.058249776
25750.34,140,-0.04
25750.53,140.1,0.1
25752.31,140.1048457,0.004845735
25772.57,140.16,0.055154265
25772.73,140.17,0.01
25772.91,140.22,0.05
25795.52,140.3,0.08
25795.67,140.27,-0.03
25795.84,140.35,0.08
25806.4,140.4,0.05
25814.85,140.38,-0.02
25815.01,140.44,0.06
25815.18,140.44,0
25823.85,140.4626076,0.022607562
25838.19,140.5,0.037392438
25838.35,140.51,0.01
25838.54,140.56,0.05
25858.54,140.64,0.08
25867.83,140.67,0.03
25884.47,140.72,0.05
25884.62,140.75,0.03
25884.8,140.76,0.01
25901.9,140.8,0.04
25910.74,140.81,0.01
25910.88,140.78,-0.03
25911.07,140.85,0.07
25912.27,140.8526991,0.002699055
25933.3,140.9,0.047300945
25933.46,140.9,0
25933.65,140.94,0.04
25954.61,141.03,0.09
25994.97,141.19,0.16
26035.32,141.35,0.16
26052.41,141.56,0.21
26075.74,141.53,-0.03
26116.12,141.72,0.19
26148.92,141.79,0.07
26161.51,141.84,0.05
26182.55,141.911,0.071
26202.53,141.96,0.049
26217.09,142.02,0.06
26236.17,142.07,0.05
26253.81966,142.1696593,0.099659285
26253.88,142.17,0.000340716
26259.7,142.22,0.05
26259.72,142.2199085,-9.15E-05
26271.92306,142.1640592,-0.055849241
26272.16,142.1629748,-0.001084397
26281.55,142.12,-0.042974828
26283.24883,142.1588304,0.038830409
26283.3,142.16,0.001169591
26283.32,142.1600575,5.75E-05
26328.48,142.29,0.129942452
26342.68,142.35,0.06
26382.38957,142.5195711,0.16957114
26382.49,142.52,0.00042886
26382.51,142.5201029,0.000102941
26409.69,142.66,0.139897059
26447.46952,142.8595222,0.199522166
26447.56,142.86,0.000477834
26447.58,142.8600616,6.16E-05
26489.8,142.99,0.129938447
26531.97,143.16,0.17
26575.29,143.35,0.19
26618.41,143.52,0.17
26660.56,143.67,0.15
26705.67,143.911,0.241
26746.39,144.02,0.109
26788.66,144.22,0.2
26831.85,144.45,0.23
26874.26,144.65,0.2
26917.45,144.9,0.25
26941.45,145.1,0.2
26984.56,145.27,0.17
27026.69,145.411,0.141
27054.33,145.52,0.109
27059.51,145.536756,0.016756007
27097.61,145.66,0.123243993
27122.69,145.77,0.11
27165.06,145.9,0.13
27207.39,146.02,0.12
27249.76,146.2,0.18
27293.01,146.35,0.15
27335.51,146.54,0.19
27378.77,146.66,0.12
27423.88,146.83,0.17
27466,147.01,0.18
27511.12,147.13,0.12
27553.35,147.28,0.15
27595.71,147.44,0.16
27635.49,147.571,0.131
27678.81,147.71,0.139
27721.2,147.89,0.18
27762.26,148.04,0.15
27805.52,148.18,0.14
27848.78,148.33,0.15
27893.89,148.5,0.17
27937.16,148.65,0.15
27979.4,148.8,0.15
28021.56,148.95,0.15
28063.79,149.1,0.15
28106.04,149.28,0.18
28139.21,149.42,0.14
28184.5,149.69,0.27
28224.48,149.83,0.14
28266.8,150.07,0.24
28309.0689,150.2699002,0.199900214
28309.09,150.27,9.98E-05
28309.11,150.2701215,0.000121457
28314.03,150.3,0.029878543
28353.83,150.54,0.24
28395.71,150.78,0.24
28435.51,151.01,0.23
28441.83968,151.0496845,0.039684543
28441.89,151.05,0.000315457
28441.92,151.0501648,0.000164835
28447.35,151.08,0.029835165
28460.61854,151.1795389,0.099538927
28460.68,151.18,0.000461073
28460.7,151.1801049,0.000104932
28498.8,151.38,0.199895068
28542.16,151.61,0.23
28585.44969,151.8296939,0.219693949
28585.51,151.83,0.000306051
28585.54,151.8382979,0.008297872
28585.93,151.9461702,0.10787234
28586.45,152.09,0.143829787
28596.59,151.87,-0.22
28600.32,151.89,0.02
28600.49,151.93,0.04
28600.65,151.94,0.01
28623.72,152.01,0.07
28623.9,152.09,0.08
28624.06,152.06,-0.03
28646.47,152.11,0.05
28646.66,152.18,0.07
28646.82,152.181,0.001
28669.32,152.25,0.069
28669.49,152.29,0.04
28669.65,152.28,-0.01
28692,152.36,0.08
28692.18,152.41,0.05
28692.34,152.41,0
28715.28,152.49,0.08
28715.44,152.5,0.01
28715.62,152.53,0.03
28738.28,152.6,0.07
28738.43,152.59,-0.01
28738.62,152.65,0.06
28761.09,152.72,0.07
28761.27,152.74,0.02
28761.43,152.77,0.03
28783.42,152.84,0.07
28783.57,152.83,-0.01
28783.77,152.89,0.06
28806.69,152.97,0.08
28806.83,152.99,0.02
28807.02,153.01,0.02
28829.85,153.09,0.08
28830.02,153.1,0.01
28830.2,153.16,0.06
28841.55,153.21,0.05
28846.67,153.16,-0.05
28853.07,153.16,0
28853.24,153.19,0.03
28853.42,153.1908586,0.00085863
28853.78,153.1925759,0.001717259
28853.37062,153.1906231,-0.001952795
28855.41,153.2003513,0.009728164
28876.17942,153.2994248,0.099073579
28876.16,153.2993322,-9.27E-05
28876.3,153.3,0.000667823
28876.48,153.34,0.04
28898.76,153.36,0.02
28898.92,153.39,0.03
28899.1,153.42,0.03
28908.17,153.4320026,0.012002647
28910.53,153.4351257,0.00312307
28921.77,153.45,0.014874283
28921.96,153.49,0.04
28922.11,153.52,0.03
28944.9,153.57,0.05
28945.07,153.57,0
28945.24,153.641,0.071
28967.62,153.64,-0.001
28967.81,153.68,0.04
28967.97,153.69,0.01
28990.61,153.72,0.03
28990.78,153.75,0.03
28990.95,153.8,0.05
29013.81,153.83,0.03
29013.98,153.85,0.02
29014.15,153.89,0.04
29036.76,153.93,0.04
29036.94,153.96,0.03
29037.11,153.991,0.031
29059.53,154.091,0.1
29059.69,154.14,0.049
29059.87,154.15,0.01
29081.82,154.18,0.03
29081.99,154.24,0.06
29082.17,154.24,-3.64E-12
29105.56,154.34,0.1
29105.74,154.34,0
29105.89,154.39,0.05
29128.85,154.45,0.06
29129.01,154.47,0.02
29129.19,154.52,0.05
29152.03,154.63,0.11
29152.2,154.65,0.02
29152.37,154.68,0.03
29175.52,154.77,0.09
29175.69,154.82,0.05
29175.88,154.85,0.03
29198.7,154.88,0.03
29198.86,154.88,0
29199.06,154.94,0.06
29221.93,154.99,0.05
29222.1,155.03,0.04
29222.29,155.06,0.03
29244.31,155.14,0.08
29244.49,155.16,0.02
29244.63,155.18,0.02
29267.3,155.26,0.08
29267.49,155.27,0.01
29267.65,155.33,0.06
29289.42,155.44,0.11
29329.81,155.66,0.22
29370.2,155.88,0.22
29410.59,156.1,0.22
29450.94,156.29,0.19
29491.35,156.53,0.24
29524.14,156.66,0.13
29530.05,156.69,0.03
29533.93,156.73,0.04
29541.45,156.71,-0.02
29541.63,156.68,-0.03
29541.79,156.76,0.08
29552.11988,156.7998837,0.039883721
29552.15,156.8,0.000116279
29552.17,156.800084,8.40E-05
29597.37,156.99,0.189915966
29599.24,157.01,0.02
29629.79,157.08,0.07
29644.06,157.16,0.08
29685.15635,157.306348,0.146348001
29688.94986,157.319857,0.013509046
29688.99,157.32,0.000142953
29729.42,157.49,0.17
29729.44,157.4900981,9.81E-05
29774.25,157.71,0.219901851
29819.05991,157.8999149,0.189914875
29819.08,157.9,8.51E-05
29819.11,157.9000814,8.14E-05
29841.18,157.96,0.059918552
29841.32,157.96,0
29841.51,158.01,0.05
29862.26,158.08,0.07
29862.42,158.1,0.02
29862.6,158.15,0.05
29885.42,158.19,0.04
29885.59,158.19,0
29885.76,158.25,0.06
29907.65,158.31,0.06
29907.83,158.37,0.06
29908,158.37,-3.64E-12
29930.42,158.43,0.06
29930.59,158.45,0.02
29930.76,158.5,0.05
29952.34,158.53,0.03
29952.52,158.57,0.04
29952.68,158.6,0.03
29975.35995,158.659947,0.059946996
29975.38,158.66,5.30E-05
29975.4,158.6600904,9.04E-05
30019.63,158.86,0.199909605
30063.82,159.04,0.18
30108.08,159.24,0.2
30152.33,159.43,0.19
30194.38,159.67,0.24
30239.65,159.92,0.25
30284.89,160.15,0.23
30330.06954,160.379538,0.22953802
30330.13061,160.3806076,0.001069567
30330.24,160.3811652,0.000557612
30350.55,160.4846925,0.103527347
30351.54,160.4897389,0.005046385
30365.52,160.561,0.071261069
30410.86,160.79,0.229
30456.3697,161.0597019,0.269701921
30456.42,161.06,0.000298079
30456.44,161.0600995,9.95E-05
30476.52,161.16,0.099900498
30496.41,161.25,0.09
30511.87,161.32,0.07
30531.79,161.5,0.18
30546.21,161.54,0.04
30559.71,161.61,0.07
30570.34,161.67,0.06
30590.82,161.76,0.09
30610.43,161.86,0.1
30625.61,161.96,0.1
30647.6,162.05,0.09
30667.18,162.15,0.1
30687.59,162.27,0.12
30708.43,162.35,0.08
30726.65,162.44,0.09
30744.22,162.58,0.14
30764.15,162.68,0.1
30781.59,162.8,0.12
30801.74,162.93,0.13
30821.6,163.04,0.11
30843.65,163.15,0.11
30864.12,163.27,0.12
30871.54,163.29,0.02
30891.39,163.41,0.12
30896.81,163.47,0.06
30901.58,163.49,0.02
30920.42,163.61,0.12
30934.63,163.65,0.04
30955.7,163.79,0.14
30968.45,163.88,0.09
30985.32,163.91,0.03
31005.76,164.05,0.14
31020.25,164.14,0.09
31033.70086,164.1808592,0.040859232
31034.4,164.182983,0.002123757
31036.71,164.19,0.007017011
31042.95,164.24,0.05
31045.14,164.22,-0.02
31069.98,164.29,0.07
31076.38,164.34,0.05
31079.57,164.41,0.07
31089.84,164.37,-0.04
31134.11,164.54,0.17
31169.01,164.66,0.12
31180.56,164.74,0.08
31196.6,164.75,0.01
31211.48,164.8,0.05
31236.21,164.931,0.131
31247.95,164.97,0.039
31272.75,165.09,0.12
31275.87,165.071,-0.019
31281.19,165.11,0.039
31306.08,165.23,0.12
31315.8,165.25,0.02
31340.47,165.39,0.14
31353.25,165.43,0.04
31364.83,165.5,0.07
31366.85,165.51,0.01
31412.29,165.71,0.2
31457.75,165.9,0.19
31503.07,166.12,0.22
31548.48,166.39,0.27
31593.86,166.67,0.28
31639.06,166.92,0.25
31684.24,167.2,0.28
31698.07,167.271,0.071
31705.95,167.34,0.069
31715.27891,167.3599123,0.019912299
31715.32,167.36,8.77E-05
31715.34,167.3601121,0.000112086
31756.36,167.59,0.229887914
31801.56,167.71,0.12
31846.75,167.86,0.15
31891.99,168.02,0.16
31937.18,168.15,0.13
31982.38,168.31,0.16
32027.59,168.44,0.13
32072.8,168.62,0.18
32118.02,168.79,0.17
32131.9,168.81,0.02
32143.52,168.8,-0.01
32153.95985,168.8798459,0.079845857
32153.98,168.88,0.000154143
32166.26,168.87,-0.01
32166.28,168.8700735,7.35E-05
32209.78,169.03,0.159926471
32253.08,169.19,0.16
32262.36623,169.2062252,0.016225204
32270.18989,169.219895,0.013669778
32270.25,169.22,0.000105018
32281.41,169.26,0.04
32281.43,169.2600864,8.64E-05
32304.56,169.36,0.099913607
32351.37,169.67,0.31
32383.06,169.88,0.21
32397.25,169.77,-0.11
32445.07,170.04,0.27
32455.63,169.82,-0.22
32458.75718,169.9871761,0.16717608
32458.81,169.99,0.00282392
32458.83,169.9900811,8.11E-05
32505.65,170.18,0.189918873
32552.8,170.46,0.28
32572.21,170.59,0.13
32591.84,170.67,0.08
32611.73,170.79,0.12
32631.22,170.91,0.12
32645.34,171.01,0.1
32665.71,171.06,0.05
32685.1,171.19,0.13
32703.55,171.28,0.09
32720.04,171.34,0.06
32738.01,171.43,0.09
32757.99,171.54,0.11
32777.43,171.64,0.1
32796.05,171.72,0.08
32809.35,171.72,-3.64E-12
32829.72,171.84,0.12
32844.54,171.93,0.09
32887.98,172.09,0.16
32908.91,172.21,0.12
32928.65,172.33,0.12
32975.57,172.5,0.17
32987.76,172.561,0.061
32993.04,172.56,-0.001
33014.2,172.681,0.121
33048.91,172.84,0.159
33070.95,172.95,0.11
33090.07,173.06,0.11
33098.46,173.07,0.01
33104.06,173.03,-0.04
33120.34,173.16,0.13
33156.47,173.3,0.14
33198.96,173.46,0.16
33242.66,173.66,0.2
33285.66,173.83,0.17
33330.09,174.001,0.171
33373.87,174.14,0.139
33414.92,174.34,0.2
33457.81,174.48,0.14
33501.26,174.64,0.16
33543.85,174.761,0.121
33587.75,174.89,0.129
33631.53,175.09,0.2
33674.95,175.29,0.2
33717.88,175.4,0.11
33761.51,175.58,0.18
33805.04,175.72,0.14
33847.74,175.89,0.17
33890.84,176.09,0.2
33934.26,176.2,0.11
33978.35,176.32,0.12
34021.79,176.46,0.14
34066.14,176.61,0.15
34109.28,176.77,0.16
34151.84,176.881,0.111
34194.47,177.01,0.129
34237.92,177.18,0.17
34281.12,177.31,0.13
34325.09,177.501,0.191
34369.1,177.62,0.119
34414.05,177.83,0.21
34458.73,177.95,0.12
34499.1,178.13,0.18
34536.81,178.28,0.15
34544.63,178.32,0.04
34572.08,178.381,0.061
34605.58,178.52,0.139
34649.6,178.7,0.18
34692.76,178.85,0.15
34736.69,179.04,0.19
34780.78,179.2,0.16
34811.89,179.42,0.22
34856.16,179.55,0.13
34899.87,179.75,0.2
34943.14,179.96,0.21
34987.29,180.12,0.16
35030.33,180.26,0.14
35072.29,180.411,0.151
35116.01,180.561,0.15
35160.84,180.77,0.209
35204.07,180.89,0.12
35243.4,181.05,0.16
35287.41,181.23,0.18
35331.43,181.42,0.19
35375.09,181.571,0.151
35419.82,181.77,0.199
35456.51,181.96,0.19
35493.31,182.09,0.13
35532.53,182.23,0.14
35575.68,182.47,0.24
35617.91,182.641,0.171
35662.12,182.82,0.179
35705.62,183,0.18
35749.17,183.2,0.2
35792.6,183.48,0.28
35835.46,183.64,0.16
35878.39,183.77,0.13
35921.39,183.89,0.12
35965.01,184.03,0.14
36009.93,184.19,0.16
36053.86,184.37,0.18
36097.16,184.48,0.11
36128.24,184.68,0.2
36150.42,184.821,0.141
36183.16866,184.8996605,0.07866051
36183.31,184.9,0.00033949
36226.71,185.06,0.16
36226.73,185.06,0
36230.32,185.06,0
36249.69,185.15,0.09
36270.26,185.26,0.11
36272.3409,185.2709,0.010899952
36272.36,185.271,0.000100048
36272.38,185.2710538,5.38E-05
36298.36,185.341,0.069946154
36343.57,185.51,0.169
36345.4,185.68,0.17
36350.32265,185.6526519,-0.027348066
36363.4,185.58,-0.072651934
36405.4,185.62,0.04
36406.3,185.781,0.161
36406.66,185.781,0
36432.38,185.861,0.08
36445.84,185.9,0.039
36491.05,186.11,0.21
36536.23,186.25,0.14
36581.45,186.42,0.17
36626.67,186.581,0.161
36671.91,186.77,0.189
36717.14,186.96,0.19
36762.35,187.1,0.14
36807.61,187.28,0.18
36852.83,187.47,0.19
36898.03,187.62,0.15
36927.29,187.7235294,0.103529412
36943.25,187.78,0.056470588
36988.44,187.94,0.16
37033.66,188.09,0.15
37065.92,188.2263803,0.136380257
37078.84,188.281,0.054619743
37124.06,188.461,0.18
37169.29,188.67,0.209
37214.52,188.87,0.2
37259.73,189.11,0.24
37304.89,189.28,0.17
37350.1,189.48,0.2
37375.42,189.59,0.11
37402.63,189.76,0.17
37447.86,189.99,0.23
37493.03,190.21,0.22
37514,190.32,0.11
37559.23,190.55,0.23
37585.19,190.6820681,0.132068127
37604.44,190.78,0.097931873
37649.67,190.98,0.2
37694.87,191.18,0.2
37740.11,191.42,0.24
37785.37,191.69,0.27
37830.57,191.89,0.2
37875.76,192.02,0.13
37921,192.25,0.23
37966.21,192.45,0.2
38011.44,192.671,0.221
38056.65,192.8,0.129
38081.47,192.9481627,0.148162724
38101.88,193.07,0.121837276
38102.71,193.0745887,0.004588678
38147.1,193.32,0.245411322
38192.36,193.6,0.28
38232.55,193.75,0.15
38257.63,193.861,0.111
38300.36,194.07,0.209
38343.44,194.23,0.16
38386.13973,194.4597295,0.229729539
38386.19,194.46,0.000270461
38386.21,194.4600697,6.97E-05
38406.28,194.53,0.069930314
38427.78,194.64,0.11
38448.87971,194.7597147,0.119714693
38448.93,194.76,0.000285307
38452.48,194.76,0
38452.5,194.7600885,8.85E-05
38497.67,194.96,0.199911485
38542.89,195.16,0.2
38553.02,195.22,0.06
38588.07,195.32,0.1
38633.29,195.56,0.24
38674.81,195.7,0.14
38719.99,195.88,0.18
38765.21,196.11,0.23
38804.67,196.25,0.14
38849.88,196.47,0.22
38895.06,196.681,0.211
38940.27,196.9,0.219
38985.46,197.121,0.221
39030.62,197.31,0.189
39075.83,197.55,0.24
39112.67,197.7,0.15
39157.3,197.921,0.221
39182.58,197.82,-0.101
39200.72,197.98,0.16
39245.85,198.13,0.15
39291.06,198.32,0.19
39330,198.44,0.12
39375.14,198.6,0.16
39420.29,198.8,0.2
39465.48,199,0.2
39510.73,199.25,0.25
39555.94,199.45,0.2
39601.15,199.66,0.21
39645.99,199.87,0.21
39667.5,199.97,0.1
39690.5,200.051,0.081
39690.5,200.051,0
39690.52,200.051088,8.80E-05
39735.74,200.25,0.198912025
39780.96,200.441,0.191
39797.56,200.541,0.1
39836.0699,200.6698992,0.128899248
39836.1,200.67,0.000100752
39836.12,200.6715789,0.001578947
39836.48,200.7,0.028421053
39836.81,200.67,-0.03
39876.96,200.871,0.201
39917.36082,201.0608159,0.189815901
39917.4,201.061,0.000184099
39917.42,201.0610747,7.47E-05
39962.64,201.23,0.168925287
40007.35,201.45,0.22
40052.57,201.6,0.15
40097.73,201.77,0.17
40142.89,201.931,0.161
40188.06,202.041,0.11
40233.32,202.21,0.169
40277.37,202.4,0.19
40302.67,202.46,0.06
40346.94,202.601,0.141
40391.18,202.79,0.189
40435.40876,202.959765,0.169764959
40435.47,202.96,0.000235041
40435.49,202.9600734,7.34E-05
40473.64,203.1,0.139926644
40513.86,203.28,0.18
40542.58,203.381,0.101
40563.62,203.47,0.089
40579.32,203.56,0.09
40584.01094,203.5909429,0.030942895
40583.57,203.5880343,-0.002908594
40586.9,203.61,0.021965699
40590.41,203.69,0.08
40593.62,203.671,-0.019
40594.72,203.701,0.03
40594.96,203.6913377,-0.009662338
40595.49,203.67,-0.021337662
40596,203.676375,0.006375
40596.29,203.68,0.003625
40597.32,203.68,0
40601.53,203.54,-0.14
40604,203.71,0.17
40607.76,203.87,0.16
40611.32,203.731,-0.139
40628.74974,203.8197441,0.088744121
40628.8,203.82,0.000255879
40672.19,204.14,0.32
40672.21,204.1400575,5.75E-05
40674.42,204.1464133,0.006355793
40696.53,204.21,0.063586689
40702.34,204.2,-0.01
40742.64,204.43,0.23
40783.17,204.71,0.28
40823.67,204.89,0.18
40863.85,205.12,0.23
40909.12,205.39,0.27
40954.42,205.66,0.27
40999.66,205.88,0.22
41044.93,206.161,0.281
41090.09,206.31,0.149
41101.16,206.36,0.05
41137.43,206.49,0.13
41176.7,206.62,0.13
41186.25,206.651,0.031
41225.22,206.79,0.139
41265.45,206.95,0.16
41305.69,207.18,0.23
41345.93,207.371,0.191
41354.8,207.41,0.039
41359.06,207.44,0.03
41376.85,207.5,0.06
41397.87,207.57,0.07
41404.27,207.58,0.01
41423.87,207.69,0.11
41426.96,207.7,0.01
41432.09,207.72,0.02
41436.38,207.72,0
41456.78,207.821,0.101
41460.35,207.82,-0.001
41470.27,207.86,0.04
41477.44,207.94,0.08
41496.47,208.01,0.07
41507.93,208.02,0.01
41526.88,208.12,0.1
41539.72,208.22,0.1
41547.14,208.261,0.041
41568.14,208.371,0.11
41577.93,208.36,-0.011
41585.31,208.42,0.06
41590.71,208.42,0
41601,208.4699717,0.049971671
41601.5,208.4723998,0.002428167
41611.33,208.5201376,0.047737758
41611.42,208.5205747,0.00043707
41614.3,208.5345609,0.01398624
41614.72,208.5366006,0.00203966
41627.38,208.5980817,0.061481182
41640.13,208.66,0.061918252
41655.26,208.69,0.03
41673.84,208.7895519,0.099551875
41675.79,208.8,0.010448125
41696.81,208.9,0.1
41712.75,209.0238219,0.123821854
41716.12,209.05,0.026178146
41736.72,209.11,0.06
41748.35,209.1343688,0.024368779
41755.81,209.15,0.015631221
41774.76,209.241,0.091
41784.16,209.2844657,0.04346567
41796.17,209.34,0.05553433
41815.72,209.44,0.1
41823.4,209.45161,0.011609977
41828.95,209.46,0.008390023
41847.15,209.561,0.101
41865.53,209.63,0.069
41884.7,209.751,0.121
41898.95,209.81,0.059
41921.07,209.89,0.08
41928.91,209.951,0.061
41930.79,209.96,0.009
41941.77,209.95,-0.01
41942.38,209.99,0.04
41963.97,210.04,0.05
41980.41,210.141,0.101
42001.38,210.19,0.049
42015.11,210.28,0.09
42026.05,210.33,0.05
42037.11,210.37,0.04
42043.97,210.42,0.05
42053.11099,210.4209914,0.000991431
42053.19,210.421,8.57E-06
42053.21,210.4210979,9.79E-05
42096.08,210.631,0.209902075
42139.01,210.86,0.229
42181.57,211.02,0.16
42223.98968,211.1896787,0.169678715
42224.07,211.19,0.000321285
42224.1,211.1901529,0.000152856
42261.36,211.38,0.189847144
42301.73,211.59,0.21
42342.08,211.81,0.22
42380.42954,212.0595415,0.249541525
42380.5,212.06,0.000458475
42380.52,212.0600972,9.72E-05
42425.79,212.28,0.219902848
42470.95,212.54,0.26
42516.11,212.74,0.2
42552.3298,212.9198004,0.179800443
42552.37,212.92,0.000199557
42552.39,212.9200933,9.33E-05
42597.4,213.13,0.209906729
42642.56,213.34,0.21
42687.77,213.57,0.23
42732.98,213.781,0.211
42778.15,214.02,0.239
42823.34,214.19,0.17
42868.53,214.37,0.18
42913.73,214.54,0.17
42958.91,214.8,0.26
43004.06,215.01,0.21
43027.41,215.12,0.11
43077.21,215.38,0.26
43109.89,215.55,0.17
43123.8,215.66,0.11
43173.92,215.9,0.24
43178.51974,215.9397386,0.039738562
43178.55,215.94,0.000261438
43183.66,215.95,0.01
43183.68,215.9500965,9.65E-05
43227.2,216.16,0.209903537
43277.31,216.46,0.3
43327.35,216.7,0.24
43377.38,216.93,0.23
43417.65,217.11,0.18
43456.46,217.29,0.18
43500.74,217.48,0.19
43502.62,217.47,-0.01
43504.31,217.48,0.01
43549.56,217.68,0.2
43594.85,217.93,0.25
43640.12,218.18,0.25
43660.08,218.31,0.13
43680.6,218.44,0.13
43700.18,218.52,0.08
43721.54,218.69,0.17
43727.11,218.71,0.02
43777.32,219,0.29
43782.39031,218.9803095,-0.019690522
43782.47,218.98,-0.000309478
43817.85,219.23,0.25
43817.87,219.2301021,0.000102088
43839.4,219.34,0.109897912
43860.67,219.45,0.11
43882.08,219.56,0.11
43902.58,219.68,0.12
43923.38,219.77,0.09
43944.26,219.88,0.11
43965.24,219.98,0.1
43984.09947,220.0794698,0.099469777
43984.2,220.08,0.000530223
44016,220.24,0.16
44016.02,220.2400528,5.28E-05
44027.36,220.27,0.029947183
44077.5,220.52,0.25
44127.63,220.76,0.24
44177.71,220.94,0.18
44190.59,221.02,0.08
44205.79,221.08,0.06
44227.98,221.17,0.09
44277.75,221.45,0.28
44327.88,221.66,0.21
44377.68,221.85,0.19
44427.86,222.13,0.28
44477.68,222.34,0.21
44527.42,222.6,0.26
44577.47,222.86,0.26
44627.49,223.06,0.2
44663.08,223.26,0.2
44677.36,223.28,0.02
44693.43,223.37,0.09
44696.28,223.41,0.04
44722.18,223.49,0.08
44727.1,223.48,-0.01
44776.66,223.72,0.24
44826.54,223.9,0.18
44876.18,224.12,0.22
44926.11,224.35,0.23
44976.24,224.54,0.19
45026.35,224.751,0.211
45042.97,224.84,0.089
45048.61,224.85,0.01
45076,224.94,0.09
45125.81,225.15,0.21
45175.97,225.34,0.19
45225.64,225.57,0.23
45275.25,225.79,0.22
45325.07,226.04,0.25
45375.18,226.24,0.2
45425.25,226.46,0.22
45475.25,226.7,0.24
45513.94,226.84,0.14
45559.18,227.05,0.21
45574.98,227.13,0.08
45624.51,227.31,0.18
45674.34,227.6,0.29
45708.27962,227.7296166,0.129616632
45705.93,227.7206434,-0.008973272
45708.38,227.73,0.009356639
45708.4,227.7300691,6.91E-05
45751.77,227.88,0.14993086
45796.06,228.04,0.16
45841.34,228.21,0.17
45886.62,228.45,0.24
45931.8,228.67,0.22
45973.35983,228.8098312,0.139831203
45973.41,228.81,0.000168797
45973.43,228.8101,1.00E-04
46023.43,229.06,0.24990004
46051.12,229.1650959,0.105095885
46052.82,229.1715481,0.006452257
46073.49,229.25,0.078451858
46123.71,229.46,0.21
46173.83,229.67,0.21
46204.97,229.8,0.13
46224.17,229.86,0.06
46228.42,229.88,0.02
46253.04,229.98,0.1
46271.47216,230.0921633,0.112163265
46277.69,230.13,0.037836735
46303.53,230.2326075,0.102607545
46323.02,230.31,0.077392455
46347.81,230.4197123,0.109712332
46372.73,230.53,0.110287668
46412.97,230.6590261,0.129026052
46422.63,230.69,0.030973948
46433.63,230.7274075,0.037407481
46472.62,230.86,0.132592519
46522.41,231.05,0.19
46526.25,231.0668522,0.016852184
46549.55,231.1691063,0.102254139
46572.54,231.27,0.100893676
46616.58,231.4641254,0.194125426
46622.45,231.49,0.025874574
46645.56,231.6008836,0.110883647
46672.47,231.73,0.129116353
46693.68,231.8071117,0.077111695
46713.73,231.8800061,0.072894365
46721.98,231.91,0.029993941
46732.7,231.9488093,0.038809332
46757.88,232.0399678,0.091158488
46771.7,232.09,0.05003218
46781.01,232.1351121,0.045112053
46821.23,232.33,0.194887947
46848.04,232.4052034,0.075203366
46871.14,232.47,0.064796634
46887.17,232.5281969,0.058196854
46894.56,232.5550262,0.026829367
46917.98,232.6400524,0.08502622
46920.72,232.65,0.009947559
46970.64,232.84,0.19
47020.27,233.04,0.2
47026.76,233.05,0.01
47049.1,233.13,0.08
47071.09,233.29,0.16
47114.75,233.46,0.17
47157.64,233.63,0.17
47202.9,233.9,0.27
47243.28,234.04,0.14
47288.51,234.29,0.25
47328.9,234.46,0.17
47369.34,234.72,0.26
47409.87,235.04,0.32
47450.24,235.22,0.18
47490.63,235.39,0.17
47498.43,235.49,0.1
47513.67,235.55,0.06
47528.43,235.59,0.04
47531.96,235.63,0.04
47549.66,235.71,0.08
47552.58945,235.7494539,0.039453925
47552.63,235.75,0.000546075
47552.65,235.7500369,3.69E-05
47558.05,235.76,0.0099631
47574.31,235.85,0.09
47583.25,235.9,0.05
47603.55968,236.059683,0.159683011
47603.6,236.06,0.000316989
47603.62,236.0600801,8.01E-05
47636.07,236.19,0.129919926
47664.26,236.3693257,0.1793257
47667.51,236.39,0.0206743
47684.56,236.4655184,0.075518422
47717.18,236.61,0.144481578
47767.16,236.79,0.18
47817,236.98,0.19
47867,237.14,0.16
47882.07995,237.1499538,0.009953765
47882.15,237.15,4.62E-05
47921.89,237.27,0.12
47921.91,237.2700575,5.75E-05
47966.54,237.3983046,0.128247126
47967.13,237.4,0.001695402
47984.06,237.4302381,0.030238142
48007.98,237.4729609,0.042722762
48017.52,237.49,0.017039095
48049.32,237.6172764,0.127276366
48067.49,237.69,0.072723634
48117.28,237.84,0.15
48167,237.97,0.13
48217.05,238.15,0.18
48267.06,238.39,0.24
48317.19,238.56,0.17
48367.01,238.77,0.21
48388.45,238.851,0.081
48410.87,238.9,0.049
48457.18,239.12,0.22
48507.11,239.32,0.2
48557.14,239.52,0.2
48607.29,239.75,0.23
48657.01,240.051,0.301
48707.28,240.17,0.119
48757.11,240.4,0.23
48800.84974,240.5597434,0.159743414
48800.92,240.56,0.000256586
48804.78,240.58,0.02
48804.8,240.5801852,0.000185185
48806.94,240.6,0.019814815
48856.59,240.79,0.19
48858.4,240.83,0.04
48881.34,240.94,0.11
48926.55,241.07,0.13
48971.77,241.24,0.17
49006.41,241.44,0.2
49056.22,241.65,0.21
49106.25,241.89,0.24
49156.31,242.05,0.16
49205.38,242.26,0.21
49255.36,242.48,0.22
49305.57,242.75,0.27
49355.33,242.95,0.2
49405.56,243.18,0.23
49455.46,243.39,0.21
49505.55,243.59,0.2
49555.59,243.83,0.24
49596.4,244.08,0.25
49611.16,244.12,0.04
49628.88,244.22,0.1
49639.53,244.29,0.07
49639.56,244.2898558,-0.000144231
49643.69,244.27,-0.019855769
49643.71,244.270127,0.000126984
49653.14,244.33,0.059873016
49659.70012,244.3901156,0.060115607
49660.16,244.3943299,0.00421429
49661.87,244.41,0.015670103
49665.05,244.42,0.01
49667.03,244.5,0.08
49667.32,244.5036709,0.003670886
49667.82,244.51,0.006329114
49668.36,244.5295181,0.019518072
49668.65,244.54,0.010481928
49669.1,244.52,-0.02
49671.11732,244.558325,0.038324963
49672.06,244.5762338,0.017908858
49673.89,244.611,0.03476618
49676.96,244.52,-0.091
49685.94,244.75,0.23
49701.14,244.8,0.05
49707.83,244.82,0.02
49758.23,245.04,0.22
49793.53,245.19,0.15
49795.7,245.09,-0.1
49801.42,245.23,0.14
49808.9,245.27,0.04
49831.5,245.39,0.12
49831.52,245.3898469,-0.000153061
49835.42,245.36,-0.029846939
49835.44,245.3601651,0.000165062
49849.96,245.48,0.119834938
49849.98,245.4801303,0.000130293
49865.31,245.58,0.099869707
49890.26,245.58,7.28E-12
49912.67,245.64,0.06
49926.33,245.691,0.051
49930.62015,245.6801513,-0.010848659
49930.68,245.68,-0.000151341
49930.7,245.6800979,9.79E-05
49961.33,245.83,0.149902121
49973.06449,245.8444915,0.014491499
49974,245.8456468,0.001155305
49993.72,245.87,0.024353195
50038.61083,246.0208348,0.150834803
50038.66,246.021,0.000165197
50038.68,246.0210622,6.22E-05
50083.35,246.16,0.138937794
50133.38,246.36,0.2
50183.4,246.56,0.2
50233.53,246.79,0.23
50283.54,247.03,0.24
50333.18,247.23,0.2
50383.32,247.4,0.17
50433.15,247.58,0.18
50482.86,247.83,0.25
50533.51,247.98,0.15
50583.52,248.21,0.23
50633.46,248.41,0.2
50683.58,248.62,0.21
50733.59,248.82,0.2
50783.58,249.03,0.21
50833.61,249.25,0.22
50883.55,249.42,0.17
50933.56,249.67,0.25
50982.27981,249.8198149,0.149814929
50982.34,249.82,0.000185071
50982.36,249.8200828,8.28E-05
51025.83,250,0.179917222
51069.28985,250.1298502,0.129850161
51069.34,250.13,0.000149839
51069.36,250.1294977,-0.000502283
51073.72,250.02,-0.109497717
51080.21,250.18,0.16
51101.07,250.25,0.07
51120.88,250.37,0.12
51136.35,250.39,0.02
51157.38,250.47,0.08
51178.57,250.55,0.08
51199.25,250.69,0.14
51218.03,250.77,0.08
51240.64,250.91,0.14
51263.1,251.03,0.12
51281.7,251.17,0.14
51302.81,251.22,0.05
51325.6,251.32,0.1
51347.5,251.46,0.14
51368.08,251.57,0.11
51388.75,251.7,0.13
51406.39,251.76,0.06
51428.83,251.86,0.1
51451.58,252.01,0.15
51473.58,252.11,0.1
51495.97,252.21,0.1
51515.99,252.33,0.12
51537.99,252.43,0.1
51554.67,252.54,0.11
51577.19,252.65,0.11
51592.92,252.71,0.06
51613.99,252.75,0.04
51628.53,252.82,0.07
51632.45,252.87,0.05
51649.82,252.92,0.05
51669.62,253.01,0.09
51677.82,253.06,0.05
51681.83,253.07,0.01
51703.76,253.08,0.01
51724.69,253.15,0.07
51746.97,253.23,0.08
51757.54234,253.2823383,0.052338308
51757.91,253.2841584,0.001820107
51767.17,253.33,0.045841584
51770.81,253.35,0.02
51815.97,253.48,0.13
51861.18,253.68,0.2
51901.57,253.84,0.16
51941.95,254.01,0.17
51982.4,254.2,0.19
52022.75,254.36,0.16
52062.37,254.49,0.13
52100.95,254.63,0.14
52141.77,254.78,0.15
52186.98,254.94,0.16
52232.22,255.14,0.2
52264.27986,255.2498625,0.109862457
52264.32,255.25,0.000137543
52308.57,255.46,0.21
52308.59,255.4600747,7.47E-05
52319.28,255.5,0.039925303
52344.91,255.58,0.08
52370.1,255.66,0.08
52410.26,255.83,0.17
52415.42,255.8506969,0.020696917
52450.15,255.99,0.139303083
52490.34,256.26,0.27
52530.48,256.42,0.16
52570.64,256.65,0.23
52588.34,256.7381913,0.08819133
52589.39,256.743423,0.005231689
52610.78,256.85,0.106576981
52650.97,257.1,0.25
52691.38,257.27,0.17
52731.6,257.47,0.2
52771.79,257.66,0.19
52811.94,257.79,0.13
52851.85,257.98,0.19
52892.02,258.13,0.15
52932.15,258.27,0.14
52972.29,258.41,0.14
53012.43,258.56,0.15
53052.66,258.741,0.181
53092.79,258.88,0.139
53132.94,259.05,0.17
53156.9,259.16,0.11
53179.19,259.25,0.09
53224.44,259.481,0.231
53269.63,259.69,0.209
53291.82,259.78,0.09
53314.58,259.9,0.12
53354.54,260.07,0.17
53394.73,260.28,0.21
53434.9,260.47,0.19
53475.03,260.68,0.21
53515.2,260.88,0.2
53518.09,260.91,0.03
53539.34,260.99,0.08
53560.17,261.12,0.13
53581.07,261.2,0.08
53602.1,261.28,0.08
53622.41,261.43,0.15
53626.41,261.47,0.04
53632.08,261.46,-0.01
53644.03,261.54,0.08
53663.14,261.61,0.07
53683.76,261.67,0.06
53705.65,261.78,0.11
53728.07,261.86,0.08
53740.3,261.91,0.05
53748.03,261.9432235,0.033223496
53761.24,262,0.056776504
53780.09,262.07,0.07
53784.44,262.07,0
53827.71,262.22,0.15
53872.86,262.4,0.18
53918.04,262.56,0.16
53963.2,262.71,0.15
54008.38,262.88,0.17
54053.55,263.07,0.19
54098.73,263.27,0.2
54143.9,263.49,0.22
54189.1,263.69,0.2
54234.27,263.9,0.21
54279.44,264.14,0.24
54324.58,264.35,0.21
54369.76,264.63,0.28
54414.96,264.86,0.23
54460.1,265.07,0.21
54505.28,265.25,0.18
54550.39,265.41,0.16
54595.54,265.56,0.15
54640.72,265.73,0.17
54685.87,265.88,0.15
54731.06,266.07,0.19
54776.23,266.25,0.18
54818.05973,266.4397266,0.189726619
54818.12,266.44,0.000273381
54818.15,266.4401748,0.0001748
54831.85,266.52,0.0798252
54877.01,266.74,0.22
54922.22,267,0.26
54967.48,267.22,0.22
55012.7,267.43,0.21
55057.49,267.71,0.28
55101.83,267.911,0.201
55147.09,268.15,0.239
55192.4,268.42,0.27
55204.29,268.46,0.04
55204.62,268.45,-0.01
55237.66,268.68,0.23
55282.89,268.93,0.25
55328.10977,269.139767,0.209766977
55328.16,269.14,0.000233023
55328.18,269.1401435,0.000143541
55332.34,269.17,0.029856459
55340.53,269.22,0.05
55361.55,269.25,0.03
55381.38,269.35,0.1
55404.24,269.49,0.14
55425.16,269.54,0.05
55430.51,269.63,0.09
55435.38,269.63,-7.28E-12
55446.18,269.66,0.03
55467.23,269.75,0.09
55488.23,269.9,0.15
55506.48,269.95,0.05
55528.14,270.09,0.14
55548.33,270.14,0.05
55565.59,270.22,0.08
55579.5,270.32,0.1
55588.21,270.3,-0.02
55607.12,270.45,0.15
55628.15,270.54,0.09
55650.28,270.69,0.15
55670.07,270.75,0.06
55715.43,270.89,0.14
55757.7,271.02,0.13
55799.82,271.22,0.2
55842.11,271.35,0.13
55884.28,271.49,0.14
55926.54,271.64,0.15
55968.81,271.76,0.12
56010.97,271.92,0.16
56053.1,272.09,0.17
56095.34,272.33,0.24
56137.63,272.49,0.16
56179.75,272.63,0.14
56221.9,272.79,0.16
56264.07,272.98,0.19
56306.31,273.23,0.25
56348.44,273.44,0.21
56390.7,273.69,0.25
56432.98,273.84,0.15
56475.26,274.06,0.22
56513.79245,274.2424453,0.18244529
56517.5,274.26,0.01755471
56534.8,274.37,0.11
56555.53,274.46,0.09
56570.67,274.54,0.08
56590.07,274.59,0.05
56594.16,274.62,0.03
56611.05,274.71,0.09
56631.42,274.81,0.1
56650.98,274.94,0.13
56672.23,274.99,0.05
56693.14,275.11,0.12
56714.55,275.24,0.13
56722.61,275.31,0.07
56743.39987,275.3998698,0.089869754
56743.43,275.4,0.000130246
56769.56,275.6,0.2
56769.58,275.6000632,6.32E-05
56791.72,275.67,0.069936823
56815.09906,275.7990564,0.129056362
56815.27,275.8,0.000943638
56815.29,275.8000972,9.72E-05
56825.56,275.85,0.049902818
56839.7,275.96,0.11
56851.11989,275.9998948,0.039894829
56851.15,276,0.000105171
56851.17,276.0000474,4.74E-05
56872.24,276.05,0.049952584
56889.85,275.6,-0.45
56914.53,276.27,0.67
56939.17,276.4,0.13
56963.21,276.51,0.11
56987.83,276.6,0.09
57006.71,276.71,0.11
57013.39,276.73,0.02
57038.03,276.86,0.13
57063.66,276.94,0.08
57088.24,276.96,0.02
57112.76,277.12,0.16
57121.19,277.15,0.03
57141.72,277.22,0.07
57163.05,277.3,0.08
57184.75,277.38,0.08
57187.47,277.4,0.02
57202.92,277.44,0.04
57210.69,277.48,0.04
57231,277.53,0.05
57232.45,277.54,0.01
57248.04,277.55,0.01
57254.63,277.6,0.05
57296.82,277.8,0.2
57310.37,277.86,0.06
57318.39,277.87,0.01
57338.87,277.97,0.1
57340.39,277.99,0.02
57360.73,278.06,0.07
57376.91,278.1,0.04
57388.77,278.17,0.07
57394.35,278.13,-0.04
57412.58,278.23,0.1
57430.1,278.34,0.11
57444.64,278.35,0.01
57462.48,278.46,0.11
57467.02,278.47,0.01
57470.79,278.48,0.01
57493.39,278.58,0.1
57516.12,278.62,0.04
57534.92,278.68,0.06
57557.44,278.8,0.12
57579.94,278.86,0.06
57594.72,278.97,0.11
57603.51,278.95,-0.02
57604.60786,278.9878571,0.037857143
57604.67,278.99,0.002142857
57604.69,278.9900813,8.13E-05
57648.96,279.17,0.179918718
57693.19,279.35,0.18
57737.44,279.521,0.171
57759.79,279.61,0.089
57802.30982,279.7998206,0.189820628
57802.35,279.8,0.000179372
57802.37,279.800062,6.20E-05
57847.52,279.94,0.139938012
57854.21,279.95,0.01
57859.19,279.96,0.01
57879.33,280.03,0.07
57894.27,280.09,0.06
57907.09,280.17,0.08
57914.62,279.97,-0.2
57954.87,280.33,0.36
57997.06,280.53,0.2
57997.38,280.5309412,0.000941176
57997.39,280.5309706,2.94E-05
58010.66,280.57,0.039029412
58029.94,280.661,0.091
58056.49,280.78,0.119
58065.06,280.8,0.02
58094.19,280.92,0.12
58107.92,281,0.08
58125.5,281.06,0.06
58137.88,281.12,0.06
58146.19,281.16,0.04
58154.39,281.19,0.03
58167.73,281.21,0.02
58196.7,281.43,0.22
58209.44,281.47,0.04
58215.34,281.52,0.05
58222.6,281.52,0
58242.99,281.59,0.07
58256.07,281.64,0.05
58262.41,281.68,0.04
58272.48,281.72,0.04
58282.3,281.8,0.08
58305.82,281.87,0.07
58314.58,281.91,0.04
58333.3,281.99,0.08
58336.57,281.99,-7.28E-12
58350.51,282.05,0.06
58366.08,282.12,0.07
58378.82,282.15,0.03
58379.57,282.1543415,0.004341534
58380.92,282.1621563,0.007814761
58385.73,282.19,0.027843705
58400.06,282.26,0.07
58416,282.31,0.05
58423.35,282.34,0.03
58432.85,282.38,0.04
58448.58,282.45,0.07
58458.37,282.5,0.05
58471.35,282.55,0.05
58476.49,282.58,0.03
58479.27,282.58,0
58480.19,282.57,-0.01
58520.43,282.75,0.18
58560.65,282.89,0.14
58600.84,283.06,0.17
58642.85,283.19,0.13
58684.84,283.38,0.19
58726.95,283.58,0.2
58728.11,283.56,-0.02
58732.67343,283.5834323,0.023432258
58732.39,283.5819769,-0.001455365
58735.9,283.6,0.018023107
58740.65,283.64,0.04
58743.23,283.6,-0.04
58744.82,283.63,0.03
58745.07,283.63,0
58745.58,283.63,7.28E-12
58746.09,283.61,-0.02
58746.32,283.55,-0.06
58747.88,283.62,0.07
58751.94495,283.6149539,-0.00504615
58752.36,283.6144386,-0.00051523
58755.13,283.611,-0.003438621
58760.61,283.66,0.049
58763.99,283.63,-0.03
58770.91,283.66,0.03
58812.9,283.82,0.16
58831.19,283.95,0.13
58839.94,283.94,-0.01
58856.81,283.98,0.04
58871.13,284.07,0.09
58874.03,284.1,0.03
58879.9,284.08,-0.02
58902.67,284.2,0.12
58947,284.37,0.17
58988.59,284.54,0.17
59030.79,284.76,0.22
59072.96,284.98,0.22
59115.15,285.16,0.18
59155.39,285.36,0.2
59177.87,285.4605317,0.100531677
59195.64,285.54,0.079468323
59237.85,285.74,0.2
59280.05,285.92,0.18
59322.27,286.17,0.25
59364.48,286.35,0.18
59406.65,286.53,0.18
59447.22,286.9790039,0.449003935
59447.31,286.98,0.000996065
59447.41017,286.9801696,0.000169563
59470.94,287.02,0.039830437
59487.11,287.01,-0.01
59527.32,287.11,0.1
59567.56,287.23,0.12
59607.81,287.35,0.12
59630.08,287.35,0
59648.06,287.47,0.12
59670.38,287.55,0.08
59689.66,287.61,0.06
59695.45,287.67,0.06
59717.68,287.761,0.091
59740,287.77,0.009
59749.78,287.861,0.091
59761.35,287.9,0.039
59783.47,287.98,0.08
59805.04,288.09,0.11
59827.16,288.12,0.03
59844.7,288.18,0.06
59865.54,288.29,0.11
59886.22,288.37,0.08
59906.61,288.41,0.04
59924.31,288.46,0.05
59942.5,288.64,0.18
59948.1,288.59,-0.05
59965.8,288.65,0.06
59987.67,288.73,0.08
60005.79,288.84,0.11
60027.91,288.93,0.09
60048.39,289.02,0.09
60049.47,289.02,7.28E-12
60070.27,289.07,0.05
60091.01,289.22,0.15
60110.84,289.3,0.08
60132.74,289.39,0.09
60153.67,289.39,0
60174.09,289.49,0.1
60194.73,289.58,0.09
60210.47,289.64,0.06
60230.98,289.67,0.03
60250.56,289.8,0.13
60270.07,289.86,0.06
60287.76,289.93,0.07
60292.37,290,0.07
60310.77,290.08,0.08
60316.86,290.08,7.28E-12
60337.71,290.2,0.12
60357.04,290.27,0.07
60377.21,290.35,0.08
60397.94,290.45,0.1
60418.15,290.54,0.09
60439.33,290.6,0.06
60460.88,290.66,0.06
60482.74,290.73,0.07
60500.58,290.79,0.06
60521.54,290.9,0.11
60542.03,290.95,0.05
60563.48,291.02,0.07
60584.08,291.13,0.11
60604.03,291.22,0.09
60625.66,291.36,0.14
60644.02,291.381,0.021
60666.02,291.47,0.089
60683.7,291.56,0.09
60706.57,291.61,0.05
60729.11,291.75,0.14
60748.89,291.87,0.12
60767.68,291.96,0.09
60786.08,292.04,0.08
60806.1,292.14,0.1
60824.27,292.2,0.06
60843.7,292.3,0.1
60864.6,292.37,0.07
60882.21,292.43,0.06
60902.79,292.551,0.121
60925.84,292.64,0.089
60947.34,292.72,0.08
60968.43,292.81,0.09
60980.27,292.8388358,0.02883585
60988.96,292.86,0.02116415
61010.69,292.97,0.11
61031.32,293.11,0.14
61051.46,293.18,0.07
61074.4,293.28,0.1
61095.41,293.36,0.08
61118.1,293.47,0.11
61139.41,293.58,0.11
61158.65,293.58,0
61179.69,293.72,0.14
61198.83,293.78,0.06
61220.55,293.88,0.1
61239.16,293.93,0.05
61261.03,294.04,0.11
61283.96,294.11,0.07
61305.32,294.15,0.04
61325.52,294.22,0.07
61337.92,294.32,0.1
61342.75,294.25,-0.07
61346.66,294.32,0.07
61351.69,294.44,0.12
61354.48,294.35,-0.09
61355.53,294.35,-7.28E-12
61355.79,294.34,-0.01
61356.32,294.35,0.01
61356.84,294.36,0.01
61357.07,294.31,-0.05
61358.13,294.37,0.06
61362.76,294.28,-0.09
61366.76,294.36,0.08
61372.5,294.32,-0.04
61376.39,294.4,0.08
61408.38,294.56,0.16
61451.93,294.77,0.21
61496.38,294.94,0.17
61540.85,295.14,0.2
61584.73,295.34,0.2
61629.2,295.53,0.19
61673.71,295.77,0.24
61718.19,296.04,0.27
61762.71,296.25,0.21
61807.27,296.44,0.19
61851.72,296.6,0.16
61896.25,296.77,0.17
61940.77,296.94,0.17
61985.3,297.1,0.16
62029.85,297.3,0.2
62074.37,297.48,0.18
62116.5,297.66,0.18
62160.93,297.82,0.16
62205.41,297.93,0.11
62249.93,298.12,0.19
62294.44,298.21,0.09
62338.98,298.35,0.14
62383.55,298.55,0.2
62428.11,298.73,0.18
62472.59,298.92,0.19
62517.04,299.11,0.19
62561.54,299.301,0.191
62606.03,299.46,0.159
62650.57,299.67,0.21
62695.04,299.85,0.18
62739.56,300.05,0.2
62784.09,300.27,0.22
62828.6,300.47,0.2
62873.13,300.68,0.21
62917.61,300.86,0.18
62962.14,301.08,0.22
63006.67,301.391,0.311
63043.86,301.57,0.179
63088.34,301.781,0.211
63132.79,301.98,0.199
63177.23,302.14,0.16
63205.41,302.28,0.14
63208.25,302.26,-0.02
63229.19,302.34,0.08
63249.69,302.4,0.06
63269.68,302.52,0.12
63289.91,302.55,0.03
63309.61,302.58,0.03
63330.81,302.68,0.1
63351.55,302.73,0.05
63370.93,302.86,0.13
63391.85,302.94,0.08
63405.92,303,0.06
63412.06,303.01,0.01
63432.23,303.1,0.09
63453,303.13,0.03
63473.88,303.21,0.08
63494.88,303.32,0.11
63515.44,303.39,0.07
63524.86,303.4,0.01
63536.91,303.43,0.03
63556.27,303.53,0.1
63576.51,303.65,0.12
63599.19,303.7,0.05
63621.62,303.79,0.09
63623.91,303.7967386,0.006738597
63642.01,303.85,0.053261403
63661.3,303.94,0.09
63683,304.04,0.1
63703.79,304.12,0.08
63719.49,304.17,0.05
63723.41,304.17,7.28E-12
63744.85,304.28,0.11
63764.74,304.39,0.11
63784.91,304.46,0.07
63806.36,304.57,0.11
63822.47,304.62,0.05
63844.42,304.67,0.05
63864.43,304.7,0.03
63884.05,304.82,0.12
63903.33,304.86,0.04
63921.77,304.92,0.06
63942.47,305.02,0.1
63963.46,305.15,0.13
63982.96,305.22,0.07
64004.3,305.33,0.11
64025.04,305.44,0.11
64046.93,305.56,0.12
64064.41,305.6,0.04
64086.2,305.69,0.09
64087.05,305.71,0.02
64096.87,305.78,0.07
64104.23,305.81,0.03
64125.58,305.87,0.06
64145.07,305.95,0.08
64166.17,305.97,0.02
64180.3,306.13,0.16
64201.61,306.19,0.06
64222.25,306.26,0.07
64242.71,306.31,0.05
64261.4,306.41,0.1
64273.75,306.45,0.04
64282.53,306.45,0
64303.85,306.49,0.04
64324.19,306.61,0.12
64342.01,306.69,0.08
64361.22,306.75,0.06
64363.01,306.79,0.04
64383.52,306.85,0.06
64400.36,306.95,0.1
64407.52,306.92,-0.03
64417.68,306.94,0.02
64438.39,307.04,0.1
64458.05,307.11,0.07
64478.32,307.21,0.1
64498.8,307.24,0.03
64519.58,307.33,0.09
64528.76,307.36,0.03
64536.98,307.37,0.01
64556.77,307.47,0.1
64558.68,307.45,-0.02
64561.47,307.51,0.06
64568.87,307.52,0.01
64578.89,307.57,0.05
64601.1,307.64,0.07
64622.97,307.7,0.06
64645.13,307.77,0.07
64667.06,307.88,0.11
64688.33,307.96,0.08
64710.32,308.04,0.08
64731.25,308.12,0.08
64733.64,308.09,-0.03
64752.03,308.18,0.09
64772.76,308.25,0.07
64792.97,308.31,0.06
64813.85,308.38,0.07
64830.47,308.4456546,0.065654628
64831.57,308.45,0.004345372
64832.81,308.4529736,0.002973621
64852.42,308.5,0.047026379
64872.67,308.59,0.09
64892.4,308.6,0.01
64913.89,308.66,0.06
64934.74,308.75,0.09
64956.61,308.76,0.01
64977.46,308.83,0.07
64996.66,308.94,0.11
65017.85,309.05,0.11
65038.64,309.12,0.07
65058.65,309.16,0.04
65079.25,309.25,0.09
65100.77,309.31,0.06
65121.04,309.38,0.07
65142.58,309.42,0.04
65162.13,309.53,0.11
65182.51,309.62,0.09
65203.32,309.68,0.06
65222.14,309.74,0.06
65240.46,309.78,0.04
65257.55,309.84,0.06
65277.33,309.93,0.09
65297.45,309.99,0.06
65317.16,310.05,0.06
65335.28,310.13,0.08
65357.04,310.17,0.04
65373.54,310.21,0.04
65379.6,310.24,0.03
65422.47,310.34,0.1
65461.54,310.46,0.12
65505.37,310.6,0.14
65516.88,310.641,0.041
65524.5,310.6521972,0.011197216
65529.81,310.66,0.007802784
65539.74,310.73,0.07
65560.73,310.77,0.04
65582.32,310.83,0.06
65604.22,310.93,0.1
65623.37,310.99,0.06
65643.84,311.08,0.09
65667.4,311.18,0.1
65689.96,311.22,0.04
65711.55,311.31,0.09
65733.63,311.38,0.07
65753.51,311.45,0.07
65775.73,311.47,0.02
65795.92,311.61,0.14
65817.89,311.64,0.03
65838.05,311.76,0.12
65846.33,311.61,-0.15
65857.52,311.74,0.13
65878.66,311.871,0.131
65899.86,311.92,0.049
65920.96,312.031,0.111
65939.30003,312.0200299,-0.01097011
65939.35,312.02,-2.99E-05
65957.99,312.061,0.041
65958.01,312.0611093,0.000109269
65974.28,312.15,0.088890731
65993.96,312.201,0.051
66013.94,312.291,0.09
66032.23,312.34,0.049
66052.65,312.4,0.06
66064.64,312.45,0.05
66071.39,312.45,0
66092.74,312.51,0.06
66113.31,312.51,-1.46E-11
66135.43,312.61,0.1
66148.49,312.61,1.46E-11
66163.55,312.66,0.05
66170.2,312.71,0.05
66184.26,312.77,0.06
66189.97,312.760256,-0.009744027
66190.12,312.76,-0.000255973
66190.31,312.7606884,0.000688406
66209.44,312.83,0.069311594
66228.51,312.85,0.02
66247.23,312.98,0.13
66265.33,313.041,0.061
66280.35,313.201,0.16
66285.73,313.04,-0.161
66288.86,313.071,0.031
66305.82,313.12,0.049
66326.38,313.21,0.09
66349.69,313.3,0.09
66370.7,313.31,0.01
66391.09,313.411,0.101
66410.42,313.411,0
66429.12,313.5,0.089
66448.49,313.55,0.05
66470.1,313.61,0.06
66490.52,313.68,0.07
66510.27,313.75,0.07
66529.6,313.811,0.061
66551.45,313.941,0.13
66572.1,313.951,0.01
66577.46,314.01,0.059
66594.52,314.06,0.05
66607.959,314.06,0
66614.73,314.06,0
66635.22,314.15,0.09
66656.09,314.23,0.08
66676.07,314.32,0.09
66698.25,314.39,0.07
66706.36,314.44,0.05
66718.7,314.521,0.081
66741.67,314.55,0.029
66783.6,314.72,0.17
66825.89,314.851,0.131
66867.92,315,0.149
66887.35,315.061,0.061
66894.68,315.06,-0.001
66915.77,315.131,0.071
66936.41,315.17,0.039
66954.18,315.24,0.07
66967.35,315.24,1.46E-11
66978.96,315.3,0.06
67001.16,315.35,0.05
67020.74,315.38,0.03
67036.05,315.39,0.01
67056.43,315.46,0.07
67077.51,315.52,0.06
67094.92,315.55,0.03
67117.28,315.61,0.06
67137.07,315.69,0.08
67157.78,315.771,0.081
67180.42,315.8,0.029
67200.2,315.911,0.111
67219.29,315.98,0.069
67242.02,316.05,0.07
67264.51,316.16,0.11
67287.02,316.19,0.03
67309.22,316.28,0.09
67330.1,316.36,0.08
67351.12,316.41,0.05
67374.4,316.54,0.13
67396.31,316.6,0.06
67415.84,316.67,0.07
67434.25,316.73,0.06
67451.95,316.771,0.041
67469.21,316.88,0.109
67491.49,316.981,0.101
67513.99,317.02,0.039
67534.43,317.11,0.09
67555.65,317.13,0.02
67576,317.22,0.09
67593.89,317.29,0.07
67613.59,317.31,0.02
67632.1,317.44,0.13
67653.12,317.52,0.08
67673.81,317.59,0.07
67693.97,317.69,0.1
67715.92,317.771,0.081
67737.48,317.85,0.079
67759.14,317.92,0.07
67780.22,318,0.08
67801.6,318.1,0.1
67822.34,318.161,0.061
67844.74,318.2570416,0.096041576
67845.2,318.2590139,0.001972282
67845.43,318.26,0.000986141
67865.89,318.32,0.06
67886.08,318.36,0.04
67901.1,318.38,0.02
67921.71,318.41,0.03
67931.11,318.45,0.04
67951.94,318.511,0.061
67963.73,318.54,0.029
67979.02,318.5689371,0.028937118
67980.11,318.571,0.002062882
68003.21,318.61,0.039
68005.71,318.63,0.02
68023.47,318.681,0.051
68040.24,318.79,0.109
68045.99,318.77,-0.02
68059.88,318.82,0.05
68099.28,318.95,0.13
68106.59,318.92,-0.03
68127.28,319.021,0.101
68148.43,319.07,0.049
68168,319.13,0.06
68181.41,319.2,0.07
68226.86,319.31,0.11
68272.37,319.5,0.19
68317.5,319.69,0.19
68362.82,319.84,0.15
68396.85,319.98,0.14
68442.16,320.151,0.171
68487.33,320.321,0.17
68532.85,320.48,0.159
68578.24,320.62,0.14
68623.57,320.76,0.14
68668.91,320.94,0.18
68714.13,321.08,0.14
68759.21,321.22,0.14
68804.58,321.39,0.17
68842.58,321.52,0.13
68853.84,321.53,0.01
68875.82,321.561,0.031
68895.72,321.67,0.109
68910.84,321.7,0.03
68917.1,321.701,0.001
68931.82,321.8,0.099
68941.07,321.83,0.03
68958.72,321.88,0.05
68980.78,321.92,0.04
69002.81,321.98,0.06
69021.38,322.03,0.05
69042.83,322.11,0.08
69064.38,322.19,0.08
69086.19,322.25,0.06
69109.71,322.32,0.07
69131.86,322.41,0.09
69151.62,322.49,0.08
69172.57,322.55,0.06
69192.27,322.61,0.06
69215.1,322.63,0.02
69237.39,322.7,0.07
69258.2,322.801,0.101
69279.27,322.871,0.07
69288.69,322.901,0.03
69300.07,322.93,0.029
69310.1,322.96,0.03
69317.79,322.96,-1.46E-11
69340.3,323.06,0.1
69363.03,323.101,0.041
69384.49,323.22,0.119
69406.29,323.251,0.031
69427.34,323.32,0.069
69449.07,323.391,0.071
69467.13,323.44,0.049
69480.91,323.511,0.071
69488.47,323.52,0.009
69509.59,323.581,0.061
69530,323.67,0.089
69549.26,323.7,0.03
69570.63,323.78,0.08
69586.28,323.84,0.06
69592.36,323.851,0.011
69610.64,323.91,0.059
69631.99,323.97,0.06
69651.1,324.02,0.05
69671.93,324.1,0.08
69691.61,324.13,0.03
69696.53,324.131,0.001
69717.29,324.22,0.089
69737.28,324.21,-0.01
69751.51,324.29,0.08
69768.03,324.3,0.01
69787.58,324.401,0.101
69808.95,324.441,0.04
69830.19,324.541,0.1
69852.33,324.55,0.009
69874.82,324.61,0.06
69897.19,324.681,0.071
69919.12,324.77,0.089
69940.83,324.84,0.07
69958.41,324.871,0.031
69979.86,324.931,0.06
69999.94,325.041,0.11
70021.94,325.1,0.059
70039.86,325.101,0.001
70061.56,325.17,0.069
70083.08,325.26,0.09
70089.38,325.3,0.04
70095.58,325.28,-0.02
70102.27,325.35,0.07
70114.89,325.4,0.05
70152.94,325.541,0.141
70166.73,325.551,0.01
70184.24,325.63,0.079
70190.53,325.67,0.04
70211.58,325.7,0.03
70232.29,325.82,0.12
70253.7,325.911,0.091
70274,325.961,0.05
70293.41,326.09,0.129
70315.18,326.16,0.07
70335.9,326.21,0.05
70357.35,326.29,0.08
70376.79,326.32,0.03
70392.43,326.421,0.101
70412.25,326.461,0.04
70432.17,326.58,0.119
70449.81,326.58,0
70454.62,326.64,0.06
70473.91,326.67,0.03
70493.55,326.761,0.091
70514.76,326.831,0.07
70535.3,326.91,0.079
70549.44,326.95,0.04
70555.88,326.981,0.031
70569.93,327.001,0.02
70591.23,327.081,0.08
70611.92,327.11,0.029
70633.58,327.151,0.041
70654.77,327.18,0.029
70675.79,327.281,0.101
70695.9,327.37,0.089
70707.12,327.42,0.05
70712.17,327.43,0.01
70733.65,327.53,0.1
70752.69,327.59,0.06
70775.1,327.65,0.06
70793.09,327.7,0.05
70813.71,327.77,0.07
70836.14,327.91,0.14
70857.54,327.97,0.06
70869.30073,328.0507304,0.080730438
70869.34,328.051,0.000269562
70873.73,328.051,0
70873.75,328.0511162,0.000116175
70896.11,328.181,0.129883825
70896.24,328.18,-0.001
70896.37,328.18,-1.46E-11
70918.38,328.26,0.08
70918.51,328.24,-0.02
70918.63,328.24,1.46E-11
70941.28,328.36,0.12
70941.43,328.38,0.02
70941.56,328.36,-0.02
70959.62,328.45,0.09
70959.76,328.44,-0.01
70959.89,328.43,-0.01
70982.8,328.52,0.09
70982.95,328.53,0.01
70983.08,328.541,0.011
71006.47,328.63,0.089
71006.61,328.65,0.02
71006.74,328.63,-0.02
71028.57,328.75,0.12
71028.71,328.73,-0.02
71028.83,328.74,0.01
71051.43,328.83,0.09
71051.57,328.84,0.01
71051.7,328.81,-0.03
71074.4,328.94,0.13
71074.54,328.97,0.03
71074.68,328.921,-0.049
71095.31,329.03,0.109
71099.76,329.05,0.02
71120.77,329.121,0.071
71120.89,329.131,0.01
71121.05,329.11,-0.021
71142.51,329.2,0.09
71142.65,329.16,-0.04
71142.76,329.18,0.02
71165.26,329.32,0.14
71165.36,329.29,-0.03
71165.49,329.27,-0.02
71187.78,329.39,0.12
71187.91,329.41,0.02
71188.04,329.37,-0.04
71210.16,329.49,0.12
71210.27,329.47,-0.02
71210.43,329.48,0.01
71233.38,329.58,0.1
71233.51,329.62,0.04
71233.62,329.54,-0.08
71255.73,329.67,0.13
71255.85,329.671,0.001
71255.99,329.64,-0.031
71278.99,329.77,0.13
71279.14,329.77,0
71279.28,329.771,0.001
71301.72,329.86,0.089
71301.86,329.88,0.02
71301.98,329.84,-0.04
71324.84,329.93,0.09
71324.97,329.94,0.01
71325.12,329.93,-0.01
71345.57,330.01,0.08
71345.71,329.99,-0.02
71345.83,329.97,-0.02
71367.31,330.09,0.12
71367.46,330.07,-0.02
71367.59,330.09,0.02
71379.51069,330.1206928,0.030692814
71379.63,330.121,0.000307186
71379.65,330.1211017,0.000101735
71404.99,330.25,0.128898265
71448.32,330.3,0.05
71491.58,330.39,0.09
71534.98,330.49,0.1
71578.37,330.64,0.15
71621.64,330.73,0.09
71664.99,330.811,0.081
71708.31,330.95,0.139
71734.89,331.0110894,0.061089405
71751.82,331.05,0.038910595
71765.12,331.081,0.031
71773.5,331.11,0.029
71781,331.071,-0.039
71784.92,331.131,0.06
71792.55146,331.1524568,0.021456767
71793.06,331.1538866,0.001429831
71795.55992,331.1609154,0.007028816
71795.59,331.161,8.46E-05
71795.61,331.1602051,-0.000794872
71796.37,331.13,-0.030205128
71796.83,331.17,0.04
71797.3,331.19,0.02
71797.64,331.17,-0.02